,character,word,word_count
0,ASGARDIAN PA,-,1
1,ASGARDIAN PA,22,1
2,ASGARDIAN PA,aid,1
3,ASGARDIAN PA,asgard,1
4,ASGARDIAN PA,asgardian,2
5,ASGARDIAN PA,assault,2
6,ASGARDIAN PA,crew,1
7,ASGARDIAN PA,dead,1
8,ASGARDIAN PA,engines,1
9,ASGARDIAN PA,failing,1
10,ASGARDIAN PA,families,1
11,ASGARDIAN PA,jump,1
12,ASGARDIAN PA,life,1
13,ASGARDIAN PA,made,1
14,ASGARDIAN PA,points,1
15,ASGARDIAN PA,range,1
16,ASGARDIAN PA,refugee,1
17,ASGARDIAN PA,repeat,2
18,ASGARDIAN PA,requesting,1
19,ASGARDIAN PA,soldiers,1
20,ASGARDIAN PA,statesman,1
21,ASGARDIAN PA,support,1
22,ASGARDIAN PA,vessel,2
23,ASGARDIAN PA,warcraft,2
24,ASGARDIAN PA,within,1
25,BRUCE BANNER,"""no""",1
26,BRUCE BANNER,aaaahhhhh,1
27,BRUCE BANNER,ah-hahaha,1
28,BRUCE BANNER,ahhhhh,1
29,BRUCE BANNER,already,2
30,BRUCE BANNER,another,2
31,BRUCE BANNER,ant-man,1
32,BRUCE BANNER,army,1
33,BRUCE BANNER,assault,1
34,BRUCE BANNER,asshole,1
35,BRUCE BANNER,attach,1
36,BRUCE BANNER,attack,1
37,BRUCE BANNER,back,1
38,BRUCE BANNER,backup,1
39,BRUCE BANNER,bad,1
40,BRUCE BANNER,band,1
41,BRUCE BANNER,beatles,1
42,BRUCE BANNER,behind,1
43,BRUCE BANNER,best,1
44,BRUCE BANNER,big,2
45,BRUCE BANNER,biggest,1
46,BRUCE BANNER,bot,1
47,BRUCE BANNER,bow,1
48,BRUCE BANNER,broke,1
49,BRUCE BANNER,call,2
50,BRUCE BANNER,can't,1
51,BRUCE BANNER,cap,2
52,BRUCE BANNER,choice,1
53,BRUCE BANNER,circle,1
54,BRUCE BANNER,clint,1
55,BRUCE BANNER,come,8
56,BRUCE BANNER,coming,3
57,BRUCE BANNER,complex,1
58,BRUCE BANNER,concentrate,1
59,BRUCE BANNER,construct,1
60,BRUCE BANNER,could,1
61,BRUCE BANNER,crap,1
62,BRUCE BANNER,creature,1
63,BRUCE BANNER,damn,1
64,BRUCE BANNER,deck,1
65,BRUCE BANNER,discussion,1
66,BRUCE BANNER,either,1
67,BRUCE BANNER,ever,1
68,BRUCE BANNER,expect,1
69,BRUCE BANNER,fact,1
70,BRUCE BANNER,figure,1
71,BRUCE BANNER,find,1
72,BRUCE BANNER,get,2
73,BRUCE BANNER,gets,2
74,BRUCE BANNER,go,1
75,BRUCE BANNER,going,2
76,BRUCE BANNER,gone,1
77,BRUCE BANNER,gonna,2
78,BRUCE BANNER,good,1
79,BRUCE BANNER,got,3
80,BRUCE BANNER,great,1
81,BRUCE BANNER,green,1
82,BRUCE BANNER,guys,3
83,BRUCE BANNER,gyah,1
84,BRUCE BANNER,half,1
85,BRUCE BANNER,hands,2
86,BRUCE BANNER,havin',1
87,BRUCE BANNER,he's,2
88,BRUCE BANNER,heh,1
89,BRUCE BANNER,hey,1
90,BRUCE BANNER,hulk,4
91,BRUCE BANNER,hulk--,1
92,BRUCE BANNER,i'll,1
93,BRUCE BANNER,i'm,7
94,BRUCE BANNER,invades,1
95,BRUCE BANNER,j,1
96,BRUCE BANNER,kicked,1
97,BRUCE BANNER,know,3
98,BRUCE BANNER,learning,1
99,BRUCE BANNER,left,1
100,BRUCE BANNER,like,3
101,BRUCE BANNER,listen,1
102,BRUCE BANNER,loki,1
103,BRUCE BANNER,look,1
104,BRUCE BANNER,look…,1
105,BRUCE BANNER,lost,1
106,BRUCE BANNER,lot,2
107,BRUCE BANNER,made,1
108,BRUCE BANNER,make,1
109,BRUCE BANNER,makes,1
110,BRUCE BANNER,man,1
111,BRUCE BANNER,many,1
112,BRUCE BANNER,matter,1
113,BRUCE BANNER,mean,2
114,BRUCE BANNER,might,1
115,BRUCE BANNER,mind,2
116,BRUCE BANNER,mixed,1
117,BRUCE BANNER,nat,1
118,BRUCE BANNER,need,2
119,BRUCE BANNER,needs,1
120,BRUCE BANNER,neuron,1
121,BRUCE BANNER,new,2
122,BRUCE BANNER,non-sequentially,1
123,BRUCE BANNER,nothing,1
124,BRUCE BANNER,oh,3
125,BRUCE BANNER,okay,5
126,BRUCE BANNER,one,2
127,BRUCE BANNER,overlays,1
128,BRUCE BANNER,pal,2
129,BRUCE BANNER,parts,1
130,BRUCE BANNER,pepper,1
131,BRUCE BANNER,perhaps,1
132,BRUCE BANNER,perimeter,1
133,BRUCE BANNER,plague,1
134,BRUCE BANNER,planets,1
135,BRUCE BANNER,population,1
136,BRUCE BANNER,power,1
137,BRUCE BANNER,quite,1
138,BRUCE BANNER,r,1
139,BRUCE BANNER,really,1
140,BRUCE BANNER,right,2
141,BRUCE BANNER,saying,1
142,BRUCE BANNER,scott,1
143,BRUCE BANNER,screw,1
144,BRUCE BANNER,screwed,1
145,BRUCE BANNER,second,1
146,BRUCE BANNER,see,1
147,BRUCE BANNER,sent,1
148,BRUCE BANNER,sir,1
149,BRUCE BANNER,six,1
150,BRUCE BANNER,somewhere,1
151,BRUCE BANNER,sorry,1
152,BRUCE BANNER,sort,1
153,BRUCE BANNER,space,1
154,BRUCE BANNER,spider-man,1
155,BRUCE BANNER,still,1
156,BRUCE BANNER,stone,5
157,BRUCE BANNER,stones,2
158,BRUCE BANNER,stop,1
159,BRUCE BANNER,strongest,1
160,BRUCE BANNER,suit's,1
161,BRUCE BANNER,super,1
162,BRUCE BANNER,table,1
163,BRUCE BANNER,take,1
164,BRUCE BANNER,takes,1
165,BRUCE BANNER,talking,1
166,BRUCE BANNER,telling,1
167,BRUCE BANNER,thanos,4
168,BRUCE BANNER,that's,3
169,BRUCE BANNER,there's,3
170,BRUCE BANNER,there’s,1
171,BRUCE BANNER,thing,2
172,BRUCE BANNER,things,1
173,BRUCE BANNER,think,3
174,BRUCE BANNER,thor's,1
175,BRUCE BANNER,together,1
176,BRUCE BANNER,tony,8
177,BRUCE BANNER,trying,1
178,BRUCE BANNER,uh,3
179,BRUCE BANNER,ultron,1
180,BRUCE BANNER,universe,2
181,BRUCE BANNER,us,1
182,BRUCE BANNER,v,1
183,BRUCE BANNER,vision,4
184,BRUCE BANNER,vision's,1
185,BRUCE BANNER,want,1
186,BRUCE BANNER,wants,1
187,BRUCE BANNER,we've,1
188,BRUCE BANNER,where'd,1
189,BRUCE BANNER,where's,1
190,BRUCE BANNER,who's,1
191,BRUCE BANNER,whole,2
192,BRUCE BANNER,wipes,1
193,BRUCE BANNER,won't--,1
194,BRUCE BANNER,ya,1
195,BRUCE BANNER,yeah,1
196,BRUCE BANNER,york,2
197,BUCKY BARNES,100-year-old,1
198,BUCKY BARNES,bad,1
199,BUCKY BARNES,end,1
200,BUCKY BARNES,fight,1
201,BUCKY BARNES,god,1
202,BUCKY BARNES,hell,1
203,BUCKY BARNES,love,1
204,BUCKY BARNES,man,1
205,BUCKY BARNES,place,1
206,BUCKY BARNES,sale,1
207,BUCKY BARNES,semi-stable,1
208,BUCKY BARNES,steve,1
209,BUCKY BARNES,surrender,1
210,BUCKY BARNES,uh,1
211,BUCKY BARNES,where's,1
212,BUCKY BARNES,world,1
213,COLLECTOR,know,1
214,COLLECTOR,lie,1
215,COLLECTOR,like,1
216,COLLECTOR,magnificent,3
217,COLLECTOR,sold,1
218,COLLECTOR,suicide,1
219,COLLECTOR,told,1
220,COLLECTOR,would,1
221,CORVUS GLAIVE,can't,1
222,CORVUS GLAIVE,dying,1
223,CORVUS GLAIVE,formidable,1
224,CORVUS GLAIVE,give,1
225,CORVUS GLAIVE,like,1
226,CORVUS GLAIVE,lives,1
227,CORVUS GLAIVE,machine,1
228,CORVUS GLAIVE,man,1
229,CORVUS GLAIVE,stone,1
230,CORVUS GLAIVE,thought,1
231,DOCTOR STRANGE,"""",1
232,DOCTOR STRANGE,"""thanos",1
233,DOCTOR STRANGE,000,1
234,DOCTOR STRANGE,14,1
235,DOCTOR STRANGE,605,1
236,DOCTOR STRANGE,alright,1
237,DOCTOR STRANGE,alternate,1
238,DOCTOR STRANGE,around,1
239,DOCTOR STRANGE,arts,1
240,DOCTOR STRANGE,banner,1
241,DOCTOR STRANGE,best,1
242,DOCTOR STRANGE,bit,1
243,DOCTOR STRANGE,blasting,1
244,DOCTOR STRANGE,bring,1
245,DOCTOR STRANGE,brought,1
246,DOCTOR STRANGE,can't,2
247,DOCTOR STRANGE,cannot,1
248,DOCTOR STRANGE,cauldron,1
249,DOCTOR STRANGE,certainly,1
250,DOCTOR STRANGE,chalky,1
251,DOCTOR STRANGE,chance,1
252,DOCTOR STRANGE,change,1
253,DOCTOR STRANGE,circumstance,1
254,DOCTOR STRANGE,come,1
255,DOCTOR STRANGE,comes,1
256,DOCTOR STRANGE,coming,1
257,DOCTOR STRANGE,conflict,1
258,DOCTOR STRANGE,confused,1
259,DOCTOR STRANGE,congratulations,2
260,DOCTOR STRANGE,cosmos,1
261,DOCTOR STRANGE,could,1
262,DOCTOR STRANGE,dead,1
263,DOCTOR STRANGE,deli,1
264,DOCTOR STRANGE,depends,1
265,DOCTOR STRANGE,destroy,1
266,DOCTOR STRANGE,die,1
267,DOCTOR STRANGE,doctor,1
268,DOCTOR STRANGE,dollars,1
269,DOCTOR STRANGE,douchebag,1
270,DOCTOR STRANGE,dr,2
271,DOCTOR STRANGE,either,1
272,DOCTOR STRANGE,else,1
273,DOCTOR STRANGE,endgame,1
274,DOCTOR STRANGE,equal,1
275,DOCTOR STRANGE,everyone,1
276,DOCTOR STRANGE,face-to-face,1
277,DOCTOR STRANGE,fate,2
278,DOCTOR STRANGE,find,3
279,DOCTOR STRANGE,fit,1
280,DOCTOR STRANGE,forward,1
281,DOCTOR STRANGE,friend,1
282,DOCTOR STRANGE,futures,1
283,DOCTOR STRANGE,genocide,1
284,DOCTOR STRANGE,get,1
285,DOCTOR STRANGE,give,1
286,DOCTOR STRANGE,go,1
287,DOCTOR STRANGE,gotta,1
288,DOCTOR STRANGE,great,1
289,DOCTOR STRANGE,green,1
290,DOCTOR STRANGE,guess,1
291,DOCTOR STRANGE,guys,1
292,DOCTOR STRANGE,ham,1
293,DOCTOR STRANGE,hazelnuts,1
294,DOCTOR STRANGE,head,1
295,DOCTOR STRANGE,helmet,1
296,DOCTOR STRANGE,help,1
297,DOCTOR STRANGE,hesitate,1
298,DOCTOR STRANGE,hitherto,1
299,DOCTOR STRANGE,home,2
300,DOCTOR STRANGE,i'll,1
301,DOCTOR STRANGE,i'm,3
302,DOCTOR STRANGE,jobs,1
303,DOCTOR STRANGE,joining,1
304,DOCTOR STRANGE,kid,1
305,DOCTOR STRANGE,know,1
306,DOCTOR STRANGE,leaning,1
307,DOCTOR STRANGE,let,2
308,DOCTOR STRANGE,life,3
309,DOCTOR STRANGE,look,1
310,DOCTOR STRANGE,make,1
311,DOCTOR STRANGE,man's,1
312,DOCTOR STRANGE,master,2
313,DOCTOR STRANGE,may,2
314,DOCTOR STRANGE,maybe,1
315,DOCTOR STRANGE,metaphysical,1
316,DOCTOR STRANGE,might,1
317,DOCTOR STRANGE,mind,1
318,DOCTOR STRANGE,moment,1
319,DOCTOR STRANGE,money,1
320,DOCTOR STRANGE,much,1
321,DOCTOR STRANGE,murder,1
322,DOCTOR STRANGE,mystic,1
323,DOCTOR STRANGE,nearly,1
324,DOCTOR STRANGE,need,2
325,DOCTOR STRANGE,oath,1
326,DOCTOR STRANGE,oh,3
327,DOCTOR STRANGE,one,1
328,DOCTOR STRANGE,outcomes,1
329,DOCTOR STRANGE,overselling,1
330,DOCTOR STRANGE,possible,1
331,DOCTOR STRANGE,power,1
332,DOCTOR STRANGE,prophet,1
333,DOCTOR STRANGE,protect,2
334,DOCTOR STRANGE,protecting,1
335,DOCTOR STRANGE,quite,2
336,DOCTOR STRANGE,raving,1
337,DOCTOR STRANGE,reality,2
338,DOCTOR STRANGE,regret,1
339,DOCTOR STRANGE,relationship,1
340,DOCTOR STRANGE,removing,1
341,DOCTOR STRANGE,rest,1
342,DOCTOR STRANGE,right,1
343,DOCTOR STRANGE,rye,1
344,DOCTOR STRANGE,saving,1
345,DOCTOR STRANGE,say,1
346,DOCTOR STRANGE,scale,1
347,DOCTOR STRANGE,see,1
348,DOCTOR STRANGE,seriously,3
349,DOCTOR STRANGE,serve,1
350,DOCTOR STRANGE,ship,1
351,DOCTOR STRANGE,simple,1
352,DOCTOR STRANGE,sorry,1
353,DOCTOR STRANGE,soul,1
354,DOCTOR STRANGE,space,2
355,DOCTOR STRANGE,spare,1
356,DOCTOR STRANGE,speak,1
357,DOCTOR STRANGE,spell,2
358,DOCTOR STRANGE,stake,2
359,DOCTOR STRANGE,stark,4
360,DOCTOR STRANGE,stays,1
361,DOCTOR STRANGE,stephen,1
362,DOCTOR STRANGE,stone,6
363,DOCTOR STRANGE,stop,1
364,DOCTOR STRANGE,strange,2
365,DOCTOR STRANGE,tell,1
366,DOCTOR STRANGE,thanos,2
367,DOCTOR STRANGE,they'll,1
368,DOCTOR STRANGE,think,3
369,DOCTOR STRANGE,time,5
370,DOCTOR STRANGE,tony,1
371,DOCTOR STRANGE,trillions,1
372,DOCTOR STRANGE,troublesome,1
373,DOCTOR STRANGE,turn,1
374,DOCTOR STRANGE,uh,1
375,DOCTOR STRANGE,unbreakable,1
376,DOCTOR STRANGE,understand,2
377,DOCTOR STRANGE,undreamt,1
378,DOCTOR STRANGE,universe,2
379,DOCTOR STRANGE,unlike,1
380,DOCTOR STRANGE,us,2
381,DOCTOR STRANGE,use,1
382,DOCTOR STRANGE,view,1
383,DOCTOR STRANGE,vision,1
384,DOCTOR STRANGE,wanna,1
385,DOCTOR STRANGE,want,2
386,DOCTOR STRANGE,wants,1
387,DOCTOR STRANGE,ward,1
388,DOCTOR STRANGE,way,1
389,DOCTOR STRANGE,we're,2
390,DOCTOR STRANGE,we've,1
391,DOCTOR STRANGE,wedding,1
392,DOCTOR STRANGE,well,1
393,DOCTOR STRANGE,went,1
394,DOCTOR STRANGE,wh--,1
395,DOCTOR STRANGE,what's,1
396,DOCTOR STRANGE,work,1
397,DOCTOR STRANGE,yeah,1
398,DOME CONTROL,barrier,1
399,DOME CONTROL,confirmation,1
400,DOME CONTROL,king,1
401,DOME CONTROL,open,1
402,DOME CONTROL,requesting,1
403,DOME CONTROL,said,1
404,DRAX,"""",1
405,DRAX,"""we",1
406,DRAX,ability,1
407,DRAX,angel,1
408,DRAX,baby,1
409,DRAX,become,1
410,DRAX,better,1
411,DRAX,blanket,1
412,DRAX,camaria,1
413,DRAX,damn,1
414,DRAX,dance-off,1
415,DRAX,daughter,2
416,DRAX,death,1
417,DRAX,deaths,1
418,DRAX,die,1
419,DRAX,dude,2
420,DRAX,eye,1
421,DRAX,gained,1
422,DRAX,gamora,2
423,DRAX,god-man,1
424,DRAX,handsome,1
425,DRAX,hour,1
426,DRAX,i'll,1
427,DRAX,i'm,3
428,DRAX,i've,1
429,DRAX,imitating,1
430,DRAX,imperceptible,1
431,DRAX,including,1
432,DRAX,incredibly,1
433,DRAX,invisible,2
434,DRAX,like,1
435,DRAX,listening,1
436,DRAX,little,1
437,DRAX,made,1
438,DRAX,man,2
439,DRAX,mastered,1
440,DRAX,monster,1
441,DRAX,mourn,1
442,DRAX,movement,2
443,DRAX,muscular,1
444,DRAX,need,1
445,DRAX,one,1
446,DRAX,ovette,1
447,DRAX,pays,1
448,DRAX,pirate,1
449,DRAX,plan,1
450,DRAX,quadrant,1
451,DRAX,quill,2
452,DRAX,reading,1
453,DRAX,right,1
454,DRAX,said,1
455,DRAX,save,1
456,DRAX,ship,1
457,DRAX,slow,1
458,DRAX,standing,1
459,DRAX,still,1
460,DRAX,stopped,1
461,DRAX,sure,1
462,DRAX,take,2
463,DRAX,tell,1
464,DRAX,thanos,2
465,DRAX,that's,2
466,DRAX,third,1
467,DRAX,today,1
468,DRAX,true,1
469,DRAX,universe,1
470,DRAX,watch,1
471,DRAX,we'll,1
472,DRAX,weight…,1
473,DRAX,weird,1
474,DRAX,wife,1
475,DRAX,word,1
476,DRAX,wow,1
477,DRAX,yeah,1
478,EBONY MAW,animal,1
479,EBONY MAW,attached,1
480,EBONY MAW,balance,1
481,EBONY MAW,become,1
482,EBONY MAW,bows,1
483,EBONY MAW,bring,1
484,EBONY MAW,chattering,1
485,EBONY MAW,children,3
486,EBONY MAW,choose,1
487,EBONY MAW,compared,1
488,EBONY MAW,contributing,1
489,EBONY MAW,corpse,1
490,EBONY MAW,could,1
491,EBONY MAW,dead,1
492,EBONY MAW,death,1
493,EBONY MAW,designed,1
494,EBONY MAW,die,2
495,EBONY MAW,end,1
496,EBONY MAW,even,1
497,EBONY MAW,ever,1
498,EBONY MAW,exhausts,1
499,EBONY MAW,failed,1
500,EBONY MAW,friend's,1
501,EBONY MAW,fun,1
502,EBONY MAW,give,1
503,EBONY MAW,go,1
504,EBONY MAW,grandeur,1
505,EBONY MAW,grasp,1
506,EBONY MAW,great,1
507,EBONY MAW,hands,1
508,EBONY MAW,hear,2
509,EBONY MAW,honor,1
510,EBONY MAW,humble,1
511,EBONY MAW,i'll,1
512,EBONY MAW,i've,2
513,EBONY MAW,inconsequential,1
514,EBONY MAW,infinity,1
515,EBONY MAW,instant,1
516,EBONY MAW,irritating,1
517,EBONY MAW,judgement,1
518,EBONY MAW,known,1
519,EBONY MAW,let,1
520,EBONY MAW,lies,1
521,EBONY MAW,life,1
522,EBONY MAW,lives,1
523,EBONY MAW,maker,1
524,EBONY MAW,may,1
525,EBONY MAW,meaningless,1
526,EBONY MAW,meet,1
527,EBONY MAW,microsurgery,1
528,EBONY MAW,might,1
529,EBONY MAW,mine,1
530,EBONY MAW,must,1
531,EBONY MAW,nay,1
532,EBONY MAW,never,1
533,EBONY MAW,nobility,1
534,EBONY MAW,nothing,1
535,EBONY MAW,one,3
536,EBONY MAW,originally,1
537,EBONY MAW,painful,1
538,EBONY MAW,peace,1
539,EBONY MAW,person,1
540,EBONY MAW,personage…,1
541,EBONY MAW,popular,1
542,EBONY MAW,powers,2
543,EBONY MAW,privilege,1
544,EBONY MAW,quaint,1
545,EBONY MAW,reach,1
546,EBONY MAW,rejoice,2
547,EBONY MAW,rendezvous,1
548,EBONY MAW,revelation,1
549,EBONY MAW,sacrifice,1
550,EBONY MAW,salvation,1
551,EBONY MAW,saved,2
552,EBONY MAW,scales,1
553,EBONY MAW,served,1
554,EBONY MAW,shh,1
555,EBONY MAW,side,2
556,EBONY MAW,smile,1
557,EBONY MAW,speak,1
558,EBONY MAW,still,1
559,EBONY MAW,stone,3
560,EBONY MAW,stones,1
561,EBONY MAW,suffering,1
562,EBONY MAW,take,1
563,EBONY MAW,thankful,1
564,EBONY MAW,thanos,3
565,EBONY MAW,think,1
566,EBONY MAW,time,2
567,EBONY MAW,tip,1
568,EBONY MAW,titan,2
569,EBONY MAW,toward,1
570,EBONY MAW,two,1
571,EBONY MAW,universal,1
572,EBONY MAW,universe,1
573,EBONY MAW,vaguely,1
574,EBONY MAW,wield,1
575,EBONY MAW,wish,1
576,EBONY MAW,within,1
577,EBONY MAW,would,1
578,EBONY MAW,zehobereians…,1
579,EITRI,"""killing",1
580,EITRI,asgard,2
581,EITRI,awaken,1
582,EITRI,ax,1
583,EITRI,bifrost,1
584,EITRI,boy,2
585,EITRI,can't,1
586,EITRI,closed,1
587,EITRI,could,1
588,EITRI,crippled,1
589,EITRI,damn,1
590,EITRI,done,1
591,EITRI,dying,1
592,EITRI,even,1
593,EITRI,find,1
594,EITRI,force,1
595,EITRI,forge,1
596,EITRI,full,1
597,EITRI,greatest,1
598,EITRI,handle,2
599,EITRI,heart,1
600,EITRI,heat,1
601,EITRI,help,1
602,EITRI,hold,2
603,EITRI,iris,1
604,EITRI,it'll,1
605,EITRI,kill,1
606,EITRI,king's,1
607,EITRI,maybe,1
608,EITRI,means,1
609,EITRI,meant,1
610,EITRI,mechanism,1
611,EITRI,metal,1
612,EITRI,minutes,1
613,EITRI,mold,1
614,EITRI,needs,1
615,EITRI,protect,2
616,EITRI,restart,1
617,EITRI,star,2
618,EITRI,stormbreaker,1
619,EITRI,suicide,1
620,EITRI,summon,1
621,EITRI,supposed,2
622,EITRI,take,1
623,EITRI,that's,2
624,EITRI,theory,1
625,EITRI,thor,2
626,EITRI,tree,1
627,EITRI,understand,1
628,EITRI,us,2
629,EITRI,weapon,1
630,EITRI,well,1
631,EITRI,where's,1
632,EITRI,yes,1
633,EITRI,"you""",1
634,F.R.I.D.A.Y.,boss,2
635,F.R.I.D.A.Y.,call,1
636,F.R.I.D.A.Y.,going,1
637,F.R.I.D.A.Y.,i'm,2
638,F.R.I.D.A.Y.,incoming,1
639,F.R.I.D.A.Y.,losing,1
640,F.R.I.D.A.Y.,miss,1
641,F.R.I.D.A.Y.,potts,1
642,F.R.I.D.A.Y.,sure,1
643,F.R.I.D.A.Y.,too…,1
644,F.R.I.D.A.Y.,we're,1
645,F.R.I.D.A.Y.,working,1
646,F.R.I.D.A.Y.,yep,1
647,GAMORA,always,2
648,GAMORA,another,2
649,GAMORA,anything,1
650,GAMORA,ask,1
651,GAMORA,asked,1
652,GAMORA,balance,1
653,GAMORA,bring,1
654,GAMORA,call,1
655,GAMORA,chair,1
656,GAMORA,child,1
657,GAMORA,come,1
658,GAMORA,cost,1
659,GAMORA,cotati,1
660,GAMORA,could,2
661,GAMORA,daughter,1
662,GAMORA,day,1
663,GAMORA,deserved,1
664,GAMORA,die,1
665,GAMORA,disappointed,2
666,GAMORA,distress,1
667,GAMORA,dreamed,1
668,GAMORA,dying,1
669,GAMORA,enough,1
670,GAMORA,entire,1
671,GAMORA,everything,1
672,GAMORA,failed,1
673,GAMORA,favor,1
674,GAMORA,fibers,1
675,GAMORA,find,1
676,GAMORA,finds,1
677,GAMORA,fingers,1
678,GAMORA,found,1
679,GAMORA,get,1
680,GAMORA,gets,2
681,GAMORA,go,4
682,GAMORA,going,2
683,GAMORA,half,2
684,GAMORA,happy,1
685,GAMORA,hate,1
686,GAMORA,hated,3
687,GAMORA,he'll,1
688,GAMORA,he's,2
689,GAMORA,hey,1
690,GAMORA,home,1
691,GAMORA,i'd,1
692,GAMORA,i'm,2
693,GAMORA,infinity,1
694,GAMORA,insane,1
695,GAMORA,judged,1
696,GAMORA,just…,1
697,GAMORA,kill,4
698,GAMORA,knew,1
699,GAMORA,know,5
700,GAMORA,knowhere,3
701,GAMORA,leads,1
702,GAMORA,life,4
703,GAMORA,like,2
704,GAMORA,love,3
705,GAMORA,made,1
706,GAMORA,massacre,2
707,GAMORA,means,1
708,GAMORA,mercy,1
709,GAMORA,metal,1
710,GAMORA,me…,2
711,GAMORA,moment,1
712,GAMORA,mother,1
713,GAMORA,murdered,1
714,GAMORA,muscles,1
715,GAMORA,nebula,1
716,GAMORA,need,3
717,GAMORA,never,1
718,GAMORA,next,1
719,GAMORA,nothing,1
720,GAMORA,one,3
721,GAMORA,out…,1
722,GAMORA,path,1
723,GAMORA,people,1
724,GAMORA,peter…,2
725,GAMORA,planet,4
726,GAMORA,please,1
727,GAMORA,point,1
728,GAMORA,possibly,1
729,GAMORA,powerful,1
730,GAMORA,prize,1
731,GAMORA,promise,1
732,GAMORA,promised,2
733,GAMORA,really,2
734,GAMORA,retrieves,1
735,GAMORA,risk,1
736,GAMORA,rocket,1
737,GAMORA,room,1
738,GAMORA,ship,1
739,GAMORA,signal,1
740,GAMORA,six,1
741,GAMORA,snap,1
742,GAMORA,someone,1
743,GAMORA,something,1
744,GAMORA,sorry,1
745,GAMORA,soul,1
746,GAMORA,stone,3
747,GAMORA,stones,2
748,GAMORA,stop,4
749,GAMORA,swear,3
750,GAMORA,taught,1
751,GAMORA,tears,1
752,GAMORA,tell,1
753,GAMORA,thanos,4
754,GAMORA,things,1
755,GAMORA,thor…,1
756,GAMORA,told,1
757,GAMORA,took,1
758,GAMORA,torture,1
759,GAMORA,trust,1
760,GAMORA,universe,3
761,GAMORA,used,1
762,GAMORA,vormir,2
763,GAMORA,wanna,2
764,GAMORA,want,1
765,GAMORA,way,1
766,GAMORA,we're,1
767,GAMORA,wiping,1
768,GAMORA,would,2
769,GAMORA,wrong…,1
770,GAMORA'S MOTHER,safe,2
771,GAMORA'S MOTHER,shh,1
772,GAMORA'S MOTHER,we'll,2
773,GROOT,groot,7
774,HEIMDALL,allfathers…,1
775,HEIMDALL,dark,1
776,HEIMDALL,flow,1
777,HEIMDALL,last,1
778,HEIMDALL,let,1
779,HEIMDALL,magic,1
780,HEIMDALL,one,1
781,HEIMDALL,time,1
782,HULK,noooo,1
783,JABARI,hu,2
784,JABARI,ya,1
785,JABARI WARRIORS,hu,5
786,JABARI WARRIORS,mayefa,5
787,JABARI WARRIORS,ya,5
788,JAMES RHODES,accords,1
789,JAMES RHODES,alright,1
790,JAMES RHODES,anymore,1
791,JAMES RHODES,assume,1
792,JAMES RHODES,back,3
793,JAMES RHODES,better,1
794,JAMES RHODES,breaking,1
795,JAMES RHODES,call,1
796,JAMES RHODES,cap,1
797,JAMES RHODES,celebrating,1
798,JAMES RHODES,chosen,1
799,JAMES RHODES,coming,1
800,JAMES RHODES,couple,1
801,JAMES RHODES,court-martial,1
802,JAMES RHODES,crap,1
803,JAMES RHODES,criminals,1
804,JAMES RHODES,dome,1
805,JAMES RHODES,edinburgh,1
806,JAMES RHODES,exactly,1
807,JAMES RHODES,fast,1
808,JAMES RHODES,find,1
809,JAMES RHODES,fire,1
810,JAMES RHODES,flank,1
811,JAMES RHODES,focus,1
812,JAMES RHODES,get,1
813,JAMES RHODES,gonna,2
814,JAMES RHODES,got,2
815,JAMES RHODES,gotta,1
816,JAMES RHODES,great,1
817,JAMES RHODES,guys,3
818,JAMES RHODES,happening,1
819,JAMES RHODES,he's,1
820,JAMES RHODES,heat,1
821,JAMES RHODES,hell,1
822,JAMES RHODES,incoming,1
823,JAMES RHODES,king,1
824,JAMES RHODES,know,1
825,JAMES RHODES,left,1
826,JAMES RHODES,let,1
827,JAMES RHODES,like,1
828,JAMES RHODES,line,1
829,JAMES RHODES,look,1
830,JAMES RHODES,lost,1
831,JAMES RHODES,must've,1
832,JAMES RHODES,old,1
833,JAMES RHODES,outside,1
834,JAMES RHODES,really,1
835,JAMES RHODES,right,3
836,JAMES RHODES,rooms,1
837,JAMES RHODES,ross,1
838,JAMES RHODES,rough,1
839,JAMES RHODES,sam,4
840,JAMES RHODES,satellites,1
841,JAMES RHODES,see,1
842,JAMES RHODES,signatures,1
843,JAMES RHODES,singed,1
844,JAMES RHODES,sir,1
845,JAMES RHODES,someone,1
846,JAMES RHODES,somewhere,2
847,JAMES RHODES,start,1
848,JAMES RHODES,that's,1
849,JAMES RHODES,they're,2
850,JAMES RHODES,tree,1
851,JAMES RHODES,two,1
852,JAMES RHODES,vision,1
853,JAMES RHODES,well,1
854,JAMES RHODES,wings,1
855,JAMES RHODES,would've,1
856,JAMES RHODES,yeah,2
857,JAMES RHODES,years,1
858,JAMES RHODES,yet,1
859,KING T'CHALLA,back,2
860,KING T'CHALLA,barrier,1
861,KING T'CHALLA,blood,1
862,KING T'CHALLA,border,2
863,KING T'CHALLA,city,1
864,KING T'CHALLA,defense,1
865,KING T'CHALLA,dora,1
866,KING T'CHALLA,dust,1
867,KING T'CHALLA,engage,1
868,KING T'CHALLA,enough,1
869,KING T'CHALLA,evacuate,1
870,KING T'CHALLA,fall,2
871,KING T'CHALLA,fight,1
872,KING T'CHALLA,forever,1
873,KING T'CHALLA,get,1
874,KING T'CHALLA,good,1
875,KING T'CHALLA,imagine,1
876,KING T'CHALLA,jabari,1
877,KING T'CHALLA,kingsguard,1
878,KING T'CHALLA,likes,1
879,KING T'CHALLA,long,1
880,KING T'CHALLA,longer,1
881,KING T'CHALLA,m'baku,1
882,KING T'CHALLA,man,1
883,KING T'CHALLA,may,1
884,KING T'CHALLA,might,1
885,KING T'CHALLA,milaje,1
886,KING T'CHALLA,much,1
887,KING T'CHALLA,north-west,1
888,KING T'CHALLA,nothing,1
889,KING T'CHALLA,one,1
890,KING T'CHALLA,open,2
891,KING T'CHALLA,pace,1
892,KING T'CHALLA,pick,1
893,KING T'CHALLA,procedures,1
894,KING T'CHALLA,rested,1
895,KING T'CHALLA,section,1
896,KING T'CHALLA,send,1
897,KING T'CHALLA,seventeen,1
898,KING T'CHALLA,shield,1
899,KING T'CHALLA,shuri,1
900,KING T'CHALLA,signal,2
901,KING T'CHALLA,standing,1
902,KING T'CHALLA,thank,1
903,KING T'CHALLA,thanos,1
904,KING T'CHALLA,tired,1
905,KING T'CHALLA,tribe,2
906,KING T'CHALLA,us,1
907,KING T'CHALLA,wakanda,2
908,KING T'CHALLA,want,1
909,KING T'CHALLA,war,1
910,KING T'CHALLA,way,1
911,KING T'CHALLA,well,1
912,KING T'CHALLA,white,1
913,KING T'CHALLA,wolf,1
914,KING T'CHALLA,word,1
915,LOKI,almighty,1
916,LOKI,another,1
917,LOKI,arena,1
918,LOKI,asgard,1
919,LOKI,asgardian,1
920,LOKI,assure,1
921,LOKI,away,1
922,LOKI,bit,1
923,LOKI,brother,1
924,LOKI,consider,1
925,LOKI,earth,1
926,LOKI,experience,3
927,LOKI,fidelity,1
928,LOKI,god,1
929,LOKI,going,1
930,LOKI,guide,1
931,LOKI,hereby,1
932,LOKI,hulk,1
933,LOKI,i'm,1
934,LOKI,interject…,1
935,LOKI,jotunheim,1
936,LOKI,kill,1
937,LOKI,king,1
938,LOKI,loki,1
939,LOKI,might,2
940,LOKI,mischief,1
941,LOKI,odinson,1
942,LOKI,oh,1
943,LOKI,one,1
944,LOKI,pledge,1
945,LOKI,prince,1
946,LOKI,right,1
947,LOKI,rightful,1
948,LOKI,shine,1
949,LOKI,stop,1
950,LOKI,sun,1
951,LOKI,thanos,1
952,LOKI,thing,1
953,LOKI,undying,1
954,LOKI,us,1
955,LOKI,want,1
956,LOKI,well,1
957,M'BAKU,brother,1
958,M'BAKU,course,1
959,M'BAKU,end,1
960,M'BAKU,mayefa,1
961,M'BAKU,wakanda,1
962,MANTIS,angry,1
963,MANTIS,anguish,1
964,MANTIS,anxious,1
965,MANTIS,arriving,1
966,MANTIS,ass,1
967,MANTIS,bacon,1
968,MANTIS,can't,1
969,MANTIS,drax,1
970,MANTIS,excuse,1
971,MANTIS,feels,1
972,MANTIS,friend,1
973,MANTIS,going,1
974,MANTIS,guilt,1
975,MANTIS,happened,1
976,MANTIS,happening,1
977,MANTIS,he…,2
978,MANTIS,hi,1
979,MANTIS,kevin,1
980,MANTIS,kick,1
981,MANTIS,like,1
982,MANTIS,loss,1
983,MANTIS,mourns,1
984,MANTIS,must,1
985,MANTIS,names,1
986,MANTIS,often,1
987,MANTIS,ones,1
988,MANTIS,quick,1
989,MANTIS,sleeeep,1
990,MANTIS,something,1
991,MANTIS,somewhere,1
992,MANTIS,strong,1
993,MANTIS,take,2
994,MANTIS,thor,1
995,MANTIS,told,1
996,MANTIS,tremendous,1
997,MANTIS,us,1
998,MANTIS,wake,1
999,MARIA HILL,bigger,1
1000,MARIA HILL,bogeys,1
1001,MARIA HILL,every,1
1002,MARIA HILL,hemispheres,1
1003,MARIA HILL,multiple,1
1004,MARIA HILL,nick,1
1005,MARIA HILL,nothing,1
1006,MARIA HILL,one,1
1007,MARIA HILL,satellite,1
1008,MARIA HILL,still,1
1009,MARIA HILL,ten,1
1010,MARIA HILL,there's,2
1011,MARIA HILL,times,1
1012,MARIA HILL,wakanda,1
1013,MARIA HILL,watching,1
1014,MARIA HILL,we're,1
1015,MARIA HILL,yet,1
1016,MEMORY GAMORA,ash,1
1017,MEMORY GAMORA,burnt,2
1018,MEMORY GAMORA,can't,1
1019,MEMORY GAMORA,found,1
1020,MEMORY GAMORA,get,1
1021,MEMORY GAMORA,map,1
1022,MEMORY GAMORA,nebula,1
1023,MEMORY GAMORA,never,1
1024,MEMORY GAMORA,soul,1
1025,MEMORY GAMORA,stone,1
1026,MEMORY NEBULA,finally,1
1027,MEMORY NEBULA,going,1
1028,MEMORY NEBULA,he's,3
1029,MEMORY NEBULA,know,1
1030,MEMORY NEBULA,ready,1
1031,MEMORY NEBULA,stones,1
1032,NATASHA ROMANOFF,accords,1
1033,NATASHA ROMANOFF,alone,1
1034,NATASHA ROMANOFF,arrest,1
1035,NATASHA ROMANOFF,ass,1
1036,NATASHA ROMANOFF,back,1
1037,NATASHA ROMANOFF,bruce,2
1038,NATASHA ROMANOFF,chances,1
1039,NATASHA ROMANOFF,check,1
1040,NATASHA ROMANOFF,close,1
1041,NATASHA ROMANOFF,could,1
1042,NATASHA ROMANOFF,deal,2
1043,NATASHA ROMANOFF,families,1
1044,NATASHA ROMANOFF,friend,1
1045,NATASHA ROMANOFF,get,1
1046,NATASHA ROMANOFF,gross,1
1047,NATASHA ROMANOFF,hell,1
1048,NATASHA ROMANOFF,hi,1
1049,NATASHA ROMANOFF,house,1
1050,NATASHA ROMANOFF,kill,1
1051,NATASHA ROMANOFF,like,1
1052,NATASHA ROMANOFF,looking,2
1053,NATASHA ROMANOFF,looks,1
1054,NATASHA ROMANOFF,pissed,1
1055,NATASHA ROMANOFF,protect,1
1056,NATASHA ROMANOFF,really,1
1057,NATASHA ROMANOFF,right,1
1058,NATASHA ROMANOFF,scott,1
1059,NATASHA ROMANOFF,situation,1
1060,NATASHA ROMANOFF,stay,1
1061,NATASHA ROMANOFF,table,1
1062,NATASHA ROMANOFF,take,1
1063,NATASHA ROMANOFF,they're,1
1064,NATASHA ROMANOFF,thought,1
1065,NATASHA ROMANOFF,took,1
1066,NATASHA ROMANOFF,tough,1
1067,NATASHA ROMANOFF,use,1
1068,NATASHA ROMANOFF,vision,1
1069,NATASHA ROMANOFF,wanna,1
1070,NATASHA ROMANOFF,well,1
1071,NATASHA ROMANOFF,where's,1
1072,NATASHA ROMANOFF,whole,1
1073,NEBULA,back,1
1074,NEBULA,came,1
1075,NEBULA,carefully,1
1076,NEBULA,gamora,2
1077,NEBULA,killed,1
1078,NEBULA,listen,1
1079,NEBULA,mantis,1
1080,NEBULA,meet,1
1081,NEBULA,need,1
1082,NEBULA,soul,1
1083,NEBULA,stone,1
1084,NEBULA,titan,1
1085,NEBULA,took,1
1086,NEBULA,vormir,1
1087,NEBULA,where's,1
1088,NED LEEDS,die,1
1089,NED LEEDS,gonna,1
1090,NED LEEDS,holy,1
1091,NED LEEDS,shit,1
1092,NED LEEDS,spaceship,1
1093,NED LEEDS,there's,1
1094,NED LEEDS,we're,1
1095,NICK FURY,-,1
1096,NICK FURY,at-,1
1097,NICK FURY,call,1
1098,NICK FURY,code,1
1099,NICK FURY,control,1
1100,NICK FURY,energy,1
1101,NICK FURY,hill,1
1102,NICK FURY,klein,1
1103,NICK FURY,meet,1
1104,NICK FURY,motherf--,1
1105,NICK FURY,new,1
1106,NICK FURY,oh,1
1107,NICK FURY,okay,1
1108,NICK FURY,red,1
1109,NICK FURY,signatures,1
1110,NICK FURY,stark,1
1111,NICK FURY,still,1
1112,NICK FURY,tell,1
1113,NICK FURY,we'll,1
1114,NICK FURY,word,1
1115,NICK FURY,york,1
1116,OKOYE,alerted,1
1117,OKOYE,atmosphere,1
1118,OKOYE,dora,1
1119,OKOYE,ending,1
1120,OKOYE,entered,1
1121,OKOYE,even,1
1122,OKOYE,going,1
1123,OKOYE,history,1
1124,OKOYE,imagined,1
1125,OKOYE,killing,1
1126,OKOYE,kingsguard,1
1127,OKOYE,kumkani,1
1128,OKOYE,left,1
1129,OKOYE,maybe,1
1130,OKOYE,milaje,1
1131,OKOYE,noblest,1
1132,OKOYE,olympics,1
1133,OKOYE,one,1
1134,OKOYE,open,1
1135,OKOYE,rest,1
1136,OKOYE,said,1
1137,OKOYE,something's,1
1138,OKOYE,starbucks,1
1139,OKOYE,they're,1
1140,OKOYE,time,1
1141,OKOYE,wakanda,1
1142,OKOYE,world,1
1143,PEPPER POTTS,actually,1
1144,PEPPER POTTS,back,3
1145,PEPPER POTTS,case,1
1146,PEPPER POTTS,closet,1
1147,PEPPER POTTS,come,3
1148,PEPPER POTTS,done,1
1149,PEPPER POTTS,everybody,1
1150,PEPPER POTTS,god,2
1151,PEPPER POTTS,god…,1
1152,PEPPER POTTS,going,1
1153,PEPPER POTTS,helping,1
1154,PEPPER POTTS,hi,1
1155,PEPPER POTTS,kid,1
1156,PEPPER POTTS,life,1
1157,PEPPER POTTS,lost,1
1158,PEPPER POTTS,need,1
1159,PEPPER POTTS,oh,1
1160,PEPPER POTTS,ok,1
1161,PEPPER POTTS,pee,1
1162,PEPPER POTTS,please,1
1163,PEPPER POTTS,rambling,1
1164,PEPPER POTTS,real,1
1165,PEPPER POTTS,right,4
1166,PEPPER POTTS,ship,2
1167,PEPPER POTTS,shirts,2
1168,PEPPER POTTS,swear,1
1169,PEPPER POTTS,tell,2
1170,PEPPER POTTS,thought,1
1171,PEPPER POTTS,tony,2
1172,PEPPER POTTS,totally,1
1173,PEPPER POTTS,wake,1
1174,PEPPER POTTS,wanted,1
1175,PEPPER POTTS,what's,1
1176,PEPPER POTTS,woke,1
1177,PEPPER POTTS,yeah,3
1178,PEPPER POTTS,yes,1
1179,PETER PARKER,a--,1
1180,PETER PARKER,ah,1
1181,PETER PARKER,aliens,2
1182,PETER PARKER,anything,1
1183,PETER PARKER,avengers,1
1184,PETER PARKER,back,1
1185,PETER PARKER,backup,1
1186,PETER PARKER,beamed,1
1187,PETER PARKER,breathe,1
1188,PETER PARKER,bus,1
1189,PETER PARKER,can't,2
1190,PETER PARKER,car,1
1191,PETER PARKER,cause,1
1192,PETER PARKER,chest,1
1193,PETER PARKER,come,1
1194,PETER PARKER,coming,4
1195,PETER PARKER,cool,2
1196,PETER PARKER,distraction,1
1197,PETER PARKER,eat,1
1198,PETER PARKER,eggs,2
1199,PETER PARKER,ever,1
1200,PETER PARKER,exactly,1
1201,PETER PARKER,fault,1
1202,PETER PARKER,feel,1
1203,PETER PARKER,field,1
1204,PETER PARKER,footloose,1
1205,PETER PARKER,friendly,1
1206,PETER PARKER,go,1
1207,PETER PARKER,god,1
1208,PETER PARKER,going,1
1209,PETER PARKER,gonna,2
1210,PETER PARKER,good,1
1211,PETER PARKER,got,3
1212,PETER PARKER,guy's,1
1213,PETER PARKER,hey,5
1214,PETER PARKER,home--,1
1215,PETER PARKER,i'm,9
1216,PETER PARKER,implanting,1
1217,PETER PARKER,intuitive,1
1218,PETER PARKER,kinda,2
1219,PETER PARKER,know,2
1220,PETER PARKER,let,1
1221,PETER PARKER,like,2
1222,PETER PARKER,long,1
1223,PETER PARKER,loyalty,1
1224,PETER PARKER,made-up,1
1225,PETER PARKER,magic,2
1226,PETER PARKER,make,1
1227,PETER PARKER,makes,1
1228,PETER PARKER,man,2
1229,PETER PARKER,met,1
1230,PETER PARKER,might,1
1231,PETER PARKER,moma,1
1232,PETER PARKER,movie,2
1233,PETER PARKER,mr,5
1234,PETER PARKER,names,1
1235,PETER PARKER,ned,1
1236,PETER PARKER,need,1
1237,PETER PARKER,neighborhood,2
1238,PETER PARKER,never,1
1239,PETER PARKER,new,1
1240,PETER PARKER,officially,1
1241,PETER PARKER,oh,3
1242,PETER PARKER,okay,7
1243,PETER PARKER,old,1
1244,PETER PARKER,one,1
1245,PETER PARKER,peter,1
1246,PETER PARKER,please,1
1247,PETER PARKER,problem,1
1248,PETER PARKER,put,1
1249,PETER PARKER,ready,1
1250,PETER PARKER,really,2
1251,PETER PARKER,ridiculously,1
1252,PETER PARKER,said,1
1253,PETER PARKER,save,1
1254,PETER PARKER,say,4
1255,PETER PARKER,see,1
1256,PETER PARKER,sense,2
1257,PETER PARKER,ship,1
1258,PETER PARKER,side,1
1259,PETER PARKER,smells,1
1260,PETER PARKER,something,2
1261,PETER PARKER,sorry,1
1262,PETER PARKER,space,1
1263,PETER PARKER,speaking,1
1264,PETER PARKER,spider-man,2
1265,PETER PARKER,stark,5
1266,PETER PARKER,stayed,1
1267,PETER PARKER,stuck,1
1268,PETER PARKER,suit,1
1269,PETER PARKER,take,1
1270,PETER PARKER,thanos,1
1271,PETER PARKER,there's,1
1272,PETER PARKER,think,1
1273,PETER PARKER,thought,1
1274,PETER PARKER,trip,1
1275,PETER PARKER,trying,2
1276,PETER PARKER,turn,4
1277,PETER PARKER,uh,3
1278,PETER PARKER,uhhh,1
1279,PETER PARKER,um,2
1280,PETER PARKER,using,1
1281,PETER PARKER,wait,1
1282,PETER PARKER,wanna,1
1283,PETER PARKER,way,4
1284,PETER PARKER,we're,2
1285,PETER PARKER,what's,2
1286,PETER PARKER,whoa,4
1287,PETER PARKER,wind,1
1288,PETER PARKER,wizard,1
1289,PETER PARKER,yeah,2
1290,PETER PARKER,yep,1
1291,PETER PARKER,yes,1
1292,PETER QUILL,"""",1
1293,PETER QUILL,"""blow",1
1294,PETER QUILL,"""jesus""",1
1295,PETER QUILL,"""mr",1
1296,PETER QUILL,"""not",1
1297,PETER QUILL,'cause,2
1298,PETER QUILL,100%,1
1299,PETER QUILL,50%,1
1300,PETER QUILL,acorns,1
1301,PETER QUILL,alive,1
1302,PETER QUILL,alright,2
1303,PETER QUILL,always,1
1304,PETER QUILL,ask,1
1305,PETER QUILL,asshole,1
1306,PETER QUILL,avengers,1
1307,PETER QUILL,axis,1
1308,PETER QUILL,b-b-b-bingo,1
1309,PETER QUILL,backpack,1
1310,PETER QUILL,beat,1
1311,PETER QUILL,belt,1
1312,PETER QUILL,blow,1
1313,PETER QUILL,boom,1
1314,PETER QUILL,booty,1
1315,PETER QUILL,bow-flex,1
1316,PETER QUILL,boy,1
1317,PETER QUILL,bullshit,1
1318,PETER QUILL,call,3
1319,PETER QUILL,came,1
1320,PETER QUILL,captain,1
1321,PETER QUILL,catch,1
1322,PETER QUILL,cheddar,1
1323,PETER QUILL,cheese,1
1324,PETER QUILL,chill,1
1325,PETER QUILL,chin,1
1326,PETER QUILL,clown,1
1327,PETER QUILL,collector,1
1328,PETER QUILL,commit,1
1329,PETER QUILL,competition,1
1330,PETER QUILL,compliment,1
1331,PETER QUILL,copy,1
1332,PETER QUILL,couple,1
1333,PETER QUILL,dangerous,1
1334,PETER QUILL,degrees,1
1335,PETER QUILL,deserted,1
1336,PETER QUILL,die,1
1337,PETER QUILL,drax,7
1338,PETER QUILL,dude,3
1339,PETER QUILL,dumbbells,1
1340,PETER QUILL,earth,1
1341,PETER QUILL,eating,1
1342,PETER QUILL,eight,1
1343,PETER QUILL,even,1
1344,PETER QUILL,everybody,1
1345,PETER QUILL,exactly,1
1346,PETER QUILL,except,2
1347,PETER QUILL,excuse,1
1348,PETER QUILL,eyes--,1
1349,PETER QUILL,f,1
1350,PETER QUILL,face,1
1351,PETER QUILL,faces,1
1352,PETER QUILL,father,2
1353,PETER QUILL,favor,1
1354,PETER QUILL,feel,1
1355,PETER QUILL,fine,2
1356,PETER QUILL,first,1
1357,PETER QUILL,flash,1
1358,PETER QUILL,food,1
1359,PETER QUILL,footloose,1
1360,PETER QUILL,forget,2
1361,PETER QUILL,freak,1
1362,PETER QUILL,french-fry,1
1363,PETER QUILL,gamora,5
1364,PETER QUILL,gas,1
1365,PETER QUILL,get,4
1366,PETER QUILL,girl,2
1367,PETER QUILL,give,2
1368,PETER QUILL,go,6
1369,PETER QUILL,goal,1
1370,PETER QUILL,going,1
1371,PETER QUILL,gonna,6
1372,PETER QUILL,good,2
1373,PETER QUILL,good-looking,1
1374,PETER QUILL,gordon,1
1375,PETER QUILL,got,1
1376,PETER QUILL,gravitational,1
1377,PETER QUILL,greatest,1
1378,PETER QUILL,grenades,2
1379,PETER QUILL,grimace,1
1380,PETER QUILL,groot,1
1381,PETER QUILL,guardians,1
1382,PETER QUILL,guy,1
1383,PETER QUILL,half,1
1384,PETER QUILL,hang,1
1385,PETER QUILL,happened,1
1386,PETER QUILL,hard,1
1387,PETER QUILL,harder,2
1388,PETER QUILL,hates,1
1389,PETER QUILL,he's,1
1390,PETER QUILL,heck,1
1391,PETER QUILL,hell,1
1392,PETER QUILL,help,1
1393,PETER QUILL,history,1
1394,PETER QUILL,hour,1
1395,PETER QUILL,huh,1
1396,PETER QUILL,human,1
1397,PETER QUILL,i'd,1
1398,PETER QUILL,i'll,1
1399,PETER QUILL,i'm,16
1400,PETER QUILL,i'm…,1
1401,PETER QUILL,i've,1
1402,PETER QUILL,idiot,1
1403,PETER QUILL,important,1
1404,PETER QUILL,"it""",1
1405,PETER QUILL,"junk""",1
1406,PETER QUILL,kid,1
1407,PETER QUILL,kill,4
1408,PETER QUILL,killed,1
1409,PETER QUILL,kind,3
1410,PETER QUILL,know,4
1411,PETER QUILL,knowhere,1
1412,PETER QUILL,let,4
1413,PETER QUILL,let's,2
1414,PETER QUILL,like,5
1415,PETER QUILL,little,2
1416,PETER QUILL,long,1
1417,PETER QUILL,long-term,1
1418,PETER QUILL,looks,1
1419,PETER QUILL,lord,1
1420,PETER QUILL,lose,1
1421,PETER QUILL,lot,1
1422,PETER QUILL,love,1
1423,PETER QUILL,lying,1
1424,PETER QUILL,man,2
1425,PETER QUILL,mantis,1
1426,PETER QUILL,many,1
1427,PETER QUILL,master,1
1428,PETER QUILL,maybe,1
1429,PETER QUILL,mean,3
1430,PETER QUILL,means,1
1431,PETER QUILL,mean…,1
1432,PETER QUILL,might,3
1433,PETER QUILL,missouri,1
1434,PETER QUILL,mmm,1
1435,PETER QUILL,mocking,1
1436,PETER QUILL,mother,1
1437,PETER QUILL,movie,1
1438,PETER QUILL,much,1
1439,PETER QUILL,muscular,1
1440,PETER QUILL,needed,1
1441,PETER QUILL,nice,1
1442,PETER QUILL,nothing,1
1443,PETER QUILL,nut,1
1444,PETER QUILL,oh,4
1445,PETER QUILL,okay,3
1446,PETER QUILL,one,1
1447,PETER QUILL,optimistic,1
1448,PETER QUILL,pain,1
1449,PETER QUILL,picking,1
1450,PETER QUILL,piss,1
1451,PETER QUILL,place,3
1452,PETER QUILL,plan,3
1453,PETER QUILL,planet,1
1454,PETER QUILL,plucky,1
1455,PETER QUILL,plus,1
1456,PETER QUILL,pod,1
1457,PETER QUILL,point,1
1458,PETER QUILL,pony,1
1459,PETER QUILL,probably,1
1460,PETER QUILL,pull,1
1461,PETER QUILL,put,2
1462,PETER QUILL,quick,1
1463,PETER QUILL,real,1
1464,PETER QUILL,really,3
1465,PETER QUILL,record,1
1466,PETER QUILL,record…,1
1467,PETER QUILL,right,9
1468,PETER QUILL,sack,1
1469,PETER QUILL,safe,1
1470,PETER QUILL,saving,1
1471,PETER QUILL,say,1
1472,PETER QUILL,scenario,1
1473,PETER QUILL,see,2
1474,PETER QUILL,serious,1
1475,PETER QUILL,serve,1
1476,PETER QUILL,sing,1
1477,PETER QUILL,sir,1
1478,PETER QUILL,sister,1
1479,PETER QUILL,somebody,1
1480,PETER QUILL,sorry,1
1481,PETER QUILL,standing,1
1482,PETER QUILL,star-lord,1
1483,PETER QUILL,starting,1
1484,PETER QUILL,stay,2
1485,PETER QUILL,stepfather,1
1486,PETER QUILL,still,2
1487,PETER QUILL,stone,3
1488,PETER QUILL,stop,1
1489,PETER QUILL,strong,1
1490,PETER QUILL,stupid,1
1491,PETER QUILL,sucks,2
1492,PETER QUILL,supposed,1
1493,PETER QUILL,sure,1
1494,PETER QUILL,swear,1
1495,PETER QUILL,taking,1
1496,PETER QUILL,talking,1
1497,PETER QUILL,tall,1
1498,PETER QUILL,technically,1
1499,PETER QUILL,tell,4
1500,PETER QUILL,thanos,4
1501,PETER QUILL,that's,6
1502,PETER QUILL,think,3
1503,PETER QUILL,thinking,1
1504,PETER QUILL,thought,1
1505,PETER QUILL,three,1
1506,PETER QUILL,time,1
1507,PETER QUILL,titan-killing,1
1508,PETER QUILL,to--,1
1509,PETER QUILL,today,1
1510,PETER QUILL,told,2
1511,PETER QUILL,took,1
1512,PETER QUILL,trying,1
1513,PETER QUILL,up…,1
1514,PETER QUILL,us,2
1515,PETER QUILL,voice,1
1516,PETER QUILL,waaaaait,1
1517,PETER QUILL,wait,2
1518,PETER QUILL,wake,1
1519,PETER QUILL,wake-up,1
1520,PETER QUILL,wanna,1
1521,PETER QUILL,want,1
1522,PETER QUILL,way,2
1523,PETER QUILL,we're,2
1524,PETER QUILL,we've,1
1525,PETER QUILL,weapon,2
1526,PETER QUILL,well,1
1527,PETER QUILL,what's,1
1528,PETER QUILL,where's,1
1529,PETER QUILL,whoa,1
1530,PETER QUILL,whoever,1
1531,PETER QUILL,winging,1
1532,PETER QUILL,would,1
1533,PETER QUILL,would…,1
1534,PETER QUILL,wow,1
1535,PETER QUILL,yeah,6
1536,PETER QUILL,yep,1
1537,PETER QUILL,yes,1
1538,PETER QUILL,yet,1
1539,PETER QUILL,zarg-nut,1
1540,PROXIMA MIDNIGHT,alone,1
1541,PROXIMA MIDNIGHT,blood,1
1542,PROXIMA MIDNIGHT,chance,1
1543,PROXIMA MIDNIGHT,die,1
1544,PROXIMA MIDNIGHT,euuyaaah,1
1545,PROXIMA MIDNIGHT,fail,1
1546,PROXIMA MIDNIGHT,father,1
1547,PROXIMA MIDNIGHT,field,1
1548,PROXIMA MIDNIGHT,get,2
1549,PROXIMA MIDNIGHT,he'll,1
1550,PROXIMA MIDNIGHT,life,1
1551,PROXIMA MIDNIGHT,never,1
1552,PROXIMA MIDNIGHT,pay,1
1553,PROXIMA MIDNIGHT,spare,1
1554,PROXIMA MIDNIGHT,stone,1
1555,PROXIMA MIDNIGHT,take,1
1556,PROXIMA MIDNIGHT,thanos,1
1557,RED SKULL,ago,1
1558,RED SKULL,among,1
1559,RED SKULL,banished,1
1560,RED SKULL,cannot,1
1561,RED SKULL,cast,1
1562,RED SKULL,certain,1
1563,RED SKULL,demands,1
1564,RED SKULL,ensure,1
1565,RED SKULL,even,1
1566,RED SKULL,fear,1
1567,RED SKULL,guiding,1
1568,RED SKULL,hand,1
1569,RED SKULL,held,1
1570,RED SKULL,hold,1
1571,RED SKULL,infinity,1
1572,RED SKULL,lies,1
1573,RED SKULL,lifetime,1
1574,RED SKULL,lose,1
1575,RED SKULL,love,1
1576,RED SKULL,might,1
1577,RED SKULL,must,1
1578,RED SKULL,one,1
1579,RED SKULL,order,1
1580,RED SKULL,others,1
1581,RED SKULL,place,1
1582,RED SKULL,possess,1
1583,RED SKULL,possesses,1
1584,RED SKULL,power,1
1585,RED SKULL,price,1
1586,RED SKULL,sacrifice,1
1587,RED SKULL,say,1
1588,RED SKULL,seek,1
1589,RED SKULL,sought,1
1590,RED SKULL,soul,3
1591,RED SKULL,special,1
1592,RED SKULL,stone,2
1593,RED SKULL,stones,2
1594,RED SKULL,take,1
1595,RED SKULL,they're,1
1596,RED SKULL,treasure,1
1597,RED SKULL,understands,1
1598,RED SKULL,whoever,1
1599,RED SKULL,wisdom,1
1600,ROCKET,"""damn",2
1601,ROCKET,'em,1
1602,ROCKET,100,1
1603,ROCKET,a--,1
1604,ROCKET,ain't,1
1605,ROCKET,annoying,1
1606,ROCKET,anything,1
1607,ROCKET,arm,2
1608,ROCKET,ask,1
1609,ROCKET,assortment,1
1610,ROCKET,away,1
1611,ROCKET,best,1
1612,ROCKET,bet,1
1613,ROCKET,better,2
1614,ROCKET,bigger,1
1615,ROCKET,bit,1
1616,ROCKET,brain,1
1617,ROCKET,brick,1
1618,ROCKET,brother,1
1619,ROCKET,buddy,1
1620,ROCKET,can't,1
1621,ROCKET,captain,2
1622,ROCKET,cleaning,1
1623,ROCKET,come,1
1624,ROCKET,contraxia,2
1625,ROCKET,cool,2
1626,ROCKET,could,1
1627,ROCKET,credits,1
1628,ROCKET,cup,1
1629,ROCKET,d-hole,1
1630,ROCKET,dad,1
1631,ROCKET,dead,1
1632,ROCKET,deeper,1
1633,ROCKET,dumbbells,1
1634,ROCKET,dwarves,1
1635,ROCKET,dying,1
1636,ROCKET,eat,1
1637,ROCKET,even,1
1638,ROCKET,ever,2
1639,ROCKET,everybody's,1
1640,ROCKET,exactly,1
1641,ROCKET,eye,2
1642,ROCKET,fat,1
1643,ROCKET,figured,1
1644,ROCKET,forging,1
1645,ROCKET,friend,1
1646,ROCKET,game,1
1647,ROCKET,gauntlet,1
1648,ROCKET,gave,1
1649,ROCKET,get,5
1650,ROCKET,getting,1
1651,ROCKET,gigantic,1
1652,ROCKET,go,5
1653,ROCKET,gonna,3
1654,ROCKET,got,5
1655,ROCKET,groot,4
1656,ROCKET,gun,1
1657,ROCKET,hammer,1
1658,ROCKET,he's,2
1659,ROCKET,hey,1
1660,ROCKET,hit,1
1661,ROCKET,hmm,1
1662,ROCKET,hold,1
1663,ROCKET,hope,1
1664,ROCKET,horrific,1
1665,ROCKET,huh,2
1666,ROCKET,i'll,2
1667,ROCKET,i'm,1
1668,ROCKET,"it""",2
1669,ROCKET,jerk,1
1670,ROCKET,junk,1
1671,ROCKET,keep,1
1672,ROCKET,kidding,1
1673,ROCKET,know,2
1674,ROCKET,knowhere,1
1675,ROCKET,language,1
1676,ROCKET,large,1
1677,ROCKET,later,1
1678,ROCKET,leave,1
1679,ROCKET,lemme,1
1680,ROCKET,like,4
1681,ROCKET,little,1
1682,ROCKET,live,1
1683,ROCKET,look,2
1684,ROCKET,looking,1
1685,ROCKET,looks,1
1686,ROCKET,loose,1
1687,ROCKET,lost,1
1688,ROCKET,lot,1
1689,ROCKET,make,1
1690,ROCKET,making,1
1691,ROCKET,maybe,1
1692,ROCKET,middle,1
1693,ROCKET,mission,1
1694,ROCKET,mom,1
1695,ROCKET,morons,2
1696,ROCKET,moving,1
1697,ROCKET,much,4
1698,ROCKET,murder,1
1699,ROCKET,need,1
1700,ROCKET,nidavellir,1
1701,ROCKET,night,1
1702,ROCKET,nnnyah,1
1703,ROCKET,oh,3
1704,ROCKET,okay,1
1705,ROCKET,one,1
1706,ROCKET,paid,1
1707,ROCKET,particular,1
1708,ROCKET,perceptive,1
1709,ROCKET,pieces,1
1710,ROCKET,pile,1
1711,ROCKET,pirate-angel,1
1712,ROCKET,plan,1
1713,ROCKET,please,1
1714,ROCKET,powerful,1
1715,ROCKET,put,1
1716,ROCKET,quill,3
1717,ROCKET,rabbit,1
1718,ROCKET,real,1
1719,ROCKET,realized,1
1720,ROCKET,right,2
1721,ROCKET,rings,1
1722,ROCKET,rope,1
1723,ROCKET,rot,1
1724,ROCKET,said,2
1725,ROCKET,sandwich,1
1726,ROCKET,sap,1
1727,ROCKET,scientifics,1
1728,ROCKET,second,1
1729,ROCKET,see,1
1730,ROCKET,seen,1
1731,ROCKET,ships,1
1732,ROCKET,since,1
1733,ROCKET,sister,1
1734,ROCKET,sit,1
1735,ROCKET,smash,1
1736,ROCKET,sneak,1
1737,ROCKET,snuck,1
1738,ROCKET,something,1
1739,ROCKET,space,2
1740,ROCKET,speak,1
1741,ROCKET,still,1
1742,ROCKET,stole,1
1743,ROCKET,stop,1
1744,ROCKET,sure,1
1745,ROCKET,talk,1
1746,ROCKET,talking,1
1747,ROCKET,thanos,3
1748,ROCKET,that's,1
1749,ROCKET,thing,1
1750,ROCKET,think,2
1751,ROCKET,though,1
1752,ROCKET,tinkle,1
1753,ROCKET,torment,1
1754,ROCKET,total,1
1755,ROCKET,toughest,1
1756,ROCKET,try,1
1757,ROCKET,twig,2
1758,ROCKET,two,1
1759,ROCKET,universe,1
1760,ROCKET,voice,1
1761,ROCKET,wait,1
1762,ROCKET,wanna,2
1763,ROCKET,washed,1
1764,ROCKET,way,2
1765,ROCKET,we're,5
1766,ROCKET,weapons,1
1767,ROCKET,weird,1
1768,ROCKET,what's,4
1769,ROCKET,wipers,2
1770,ROCKET,would,1
1771,ROCKET,would've,1
1772,ROCKET,wrong,1
1773,ROCKET,yank,1
1774,ROCKET,yeah,4
1775,SAM WILSON,awkward,1
1776,SAM WILSON,cap,3
1777,SAM WILSON,exactly,1
1778,SAM WILSON,faster,1
1779,SAM WILSON,five,1
1780,SAM WILSON,gonna,1
1781,SAM WILSON,got,2
1782,SAM WILSON,guys,1
1783,SAM WILSON,hey,1
1784,SAM WILSON,hope,1
1785,SAM WILSON,hotels,1
1786,SAM WILSON,i'm,1
1787,SAM WILSON,land,1
1788,SAM WILSON,lot,1
1789,SAM WILSON,right,1
1790,SAM WILSON,seen,1
1791,SAM WILSON,situation,2
1792,SAM WILSON,stand,1
1793,SAM WILSON,star,1
1794,SAM WILSON,teeth,1
1795,SAM WILSON,things,1
1796,SAM WILSON,vision,1
1797,SAM WILSON,want,1
1798,SAM WILSON,we're,1
1799,SAM WILSON,well,1
1800,SAM WILSON,yeah,1
1801,"SCHOOL BUS DRIVER, STAN LEE",kids,1
1802,"SCHOOL BUS DRIVER, STAN LEE",matter,1
1803,"SCHOOL BUS DRIVER, STAN LEE",never,1
1804,"SCHOOL BUS DRIVER, STAN LEE",seen,1
1805,"SCHOOL BUS DRIVER, STAN LEE",spaceship,1
1806,"SCHOOL BUS DRIVER, STAN LEE",what's,1
1807,SECRETARY ROSS,arrest,1
1808,SECRETARY ROSS,colonel,1
1809,SECRETARY ROSS,criminals,1
1810,SECRETARY ROSS,fire,1
1811,SECRETARY ROSS,forgiven,1
1812,SECRETARY ROSS,four,1
1813,SECRETARY ROSS,give,1
1814,SECRETARY ROSS,god,1
1815,SECRETARY ROSS,got,1
1816,SECRETARY ROSS,horseshit,1
1817,SECRETARY ROSS,i'll,1
1818,SECRETARY ROSS,nerve,1
1819,SECRETARY ROSS,papers,1
1820,SECRETARY ROSS,quinjet,1
1821,SECRETARY ROSS,remember,1
1822,SECRETARY ROSS,rhodes,1
1823,SECRETARY ROSS,rivals,1
1824,SECRETARY ROSS,second,1
1825,SECRETARY ROSS,signature,1
1826,SECRETARY ROSS,still,1
1827,SECRETARY ROSS,stolen,1
1828,SECRETARY ROSS,talent,1
1829,SECRETARY ROSS,think,1
1830,SECRETARY ROSS,thoughts,1
1831,SECRETARY ROSS,vision,1
1832,SECRETARY ROSS,wanted,1
1833,SECRETARY ROSS,word,1
1834,SECRETARY ROSS,world's,2
1835,SHURI,barely,1
1836,SHURI,begun,1
1837,SHURI,best,1
1838,SHURI,brother,2
1839,SHURI,cascade,1
1840,SHURI,cause,1
1841,SHURI,circuit,1
1842,SHURI,collectively,1
1843,SHURI,could,1
1844,SHURI,failures,1
1845,SHURI,give,1
1846,SHURI,i'm,1
1847,SHURI,long,1
1848,SHURI,misalignment,1
1849,SHURI,neurons,1
1850,SHURI,one,1
1851,SHURI,polymorphic,1
1852,SHURI,reprogram,1
1853,SHURI,structure,1
1854,SHURI,sure,1
1855,SHURI,synapses,1
1856,SHURI,take,1
1857,SHURI,time,1
1858,SHURI,trillion,1
1859,SHURI,two,1
1860,SHURI,we've,1
1861,SHURI,whoa,1
1862,SHURI,work,1
1863,SHURI,yes,1
1864,STEVE ROGERS,'em,1
1865,STEVE ROGERS,0-3-0,1
1866,STEVE ROGERS,2600,1
1867,STEVE ROGERS,always,1
1868,STEVE ROGERS,ant-man,1
1869,STEVE ROGERS,asking,1
1870,STEVE ROGERS,best,1
1871,STEVE ROGERS,better,1
1872,STEVE ROGERS,blow,1
1873,STEVE ROGERS,buck,1
1874,STEVE ROGERS,defender,1
1875,STEVE ROGERS,drop,1
1876,STEVE ROGERS,earth,1
1877,STEVE ROGERS,everyone,1
1878,STEVE ROGERS,exactly,1
1879,STEVE ROGERS,eyes,1
1880,STEVE ROGERS,fight,2
1881,STEVE ROGERS,forgiveness,1
1882,STEVE ROGERS,front,1
1883,STEVE ROGERS,get,3
1884,STEVE ROGERS,go,4
1885,STEVE ROGERS,god,1
1886,STEVE ROGERS,gonna,1
1887,STEVE ROGERS,haircut,1
1888,STEVE ROGERS,happen,1
1889,STEVE ROGERS,head,1
1890,STEVE ROGERS,heading,1
1891,STEVE ROGERS,hell,1
1892,STEVE ROGERS,home,1
1893,STEVE ROGERS,i'm,3
1894,STEVE ROGERS,incoming,1
1895,STEVE ROGERS,jet,1
1896,STEVE ROGERS,keep,1
1897,STEVE ROGERS,know,1
1898,STEVE ROGERS,let's,1
1899,STEVE ROGERS,like,1
1900,STEVE ROGERS,lives,1
1901,STEVE ROGERS,long,1
1902,STEVE ROGERS,looking,1
1903,STEVE ROGERS,lost,1
1904,STEVE ROGERS,mr,1
1905,STEVE ROGERS,new,1
1906,STEVE ROGERS,oh,1
1907,STEVE ROGERS,outta,1
1908,STEVE ROGERS,past,1
1909,STEVE ROGERS,permission,1
1910,STEVE ROGERS,position,1
1911,STEVE ROGERS,rogers,1
1912,STEVE ROGERS,secretary,1
1913,STEVE ROGERS,seems,1
1914,STEVE ROGERS,sharp,1
1915,STEVE ROGERS,somebody,1
1916,STEVE ROGERS,something,1
1917,STEVE ROGERS,somewhere,1
1918,STEVE ROGERS,soon,1
1919,STEVE ROGERS,stand,1
1920,STEVE ROGERS,stay,1
1921,STEVE ROGERS,steve,1
1922,STEVE ROGERS,stone's,1
1923,STEVE ROGERS,thanking,1
1924,STEVE ROGERS,that's,1
1925,STEVE ROGERS,thor,1
1926,STEVE ROGERS,thought,1
1927,STEVE ROGERS,told,1
1928,STEVE ROGERS,trade,1
1929,STEVE ROGERS,us,1
1930,STEVE ROGERS,vision,2
1931,STEVE ROGERS,wanda,1
1932,STEVE ROGERS,wanna,1
1933,STEVE ROGERS,way,2
1934,STEVE ROGERS,we'll,1
1935,STEVE ROGERS,we're,1
1936,STEVE ROGERS,where'd,2
1937,STONEKEEPER,a'lars,1
1938,STONEKEEPER,curse,1
1939,STONEKEEPER,daughter,1
1940,STONEKEEPER,extracts,1
1941,STONEKEEPER,first,1
1942,STONEKEEPER,gamora,1
1943,STONEKEEPER,journey,1
1944,STONEKEEPER,know,2
1945,STONEKEEPER,price,1
1946,STONEKEEPER,son,1
1947,STONEKEEPER,terrible,1
1948,STONEKEEPER,thanos,2
1949,STONEKEEPER,think,1
1950,STONEKEEPER,welcome,1
1951,STONEKEEPER,wrong,1
1952,T'CHALLA,assault,1
1953,T'CHALLA,big,1
1954,T'CHALLA,expect,1
1955,T'CHALLA,hold,1
1956,T'CHALLA,uh,1
1957,THANOS,"""",1
1958,THANOS,"""undying",1
1959,THANOS,aboard,1
1960,THANOS,accomplished,1
1961,THANOS,add,1
1962,THANOS,ago,1
1963,THANOS,ah,1
1964,THANOS,alike,1
1965,THANOS,alive,1
1966,THANOS,almost,1
1967,THANOS,anyone,1
1968,THANOS,around,1
1969,THANOS,arrives,1
1970,THANOS,asgardian,1
1971,THANOS,ask,1
1972,THANOS,assume,1
1973,THANOS,bed,1
1974,THANOS,bellies,1
1975,THANOS,better,2
1976,THANOS,blood,1
1977,THANOS,born,1
1978,THANOS,boyfriend,1
1979,THANOS,breathing,1
1980,THANOS,bring,1
1981,THANOS,brink,1
1982,THANOS,brother,1
1983,THANOS,brother's,1
1984,THANOS,brought,2
1985,THANOS,calculus,1
1986,THANOS,call,1
1987,THANOS,called,1
1988,THANOS,came,1
1989,THANOS,cared,1
1990,THANOS,carefully,1
1991,THANOS,cease,2
1992,THANOS,chance,1
1993,THANOS,charlatan,1
1994,THANOS,child,1
1995,THANOS,children,2
1996,THANOS,choices,1
1997,THANOS,choose,1
1998,THANOS,clear,1
1999,THANOS,collapse,1
2000,THANOS,collection,1
2001,THANOS,come,2
2002,THANOS,concentrate,1
2003,THANOS,consider,1
2004,THANOS,correction,1
2005,THANOS,could,1
2006,THANOS,counted,1
2007,THANOS,cursed,1
2008,THANOS,daughter,4
2009,THANOS,day,3
2010,THANOS,dead,1
2011,THANOS,deal,1
2012,THANOS,destiny,1
2013,THANOS,disappointed,1
2014,THANOS,disappointing,1
2015,THANOS,discuss,1
2016,THANOS,dispassionate,1
2017,THANOS,done,1
2018,THANOS,dread,1
2019,THANOS,drop,1
2020,THANOS,earth,1
2021,THANOS,end,1
2022,THANOS,enough,1
2023,THANOS,even,2
2024,THANOS,ever,1
2025,THANOS,every,1
2026,THANOS,everyone,1
2027,THANOS,everything,1
2028,THANOS,exist,2
2029,THANOS,expect,1
2030,THANOS,experience,1
2031,THANOS,extinction,1
2032,THANOS,extracts,1
2033,THANOS,faced,1
2034,THANOS,failure,1
2035,THANOS,fair,1
2036,THANOS,fiercest,1
2037,THANOS,fighter,1
2038,THANOS,finally,1
2039,THANOS,find,3
2040,THANOS,fingers,1
2041,THANOS,finite,2
2042,THANOS,fool,1
2043,THANOS,fought,1
2044,THANOS,frightening,1
2045,THANOS,full,2
2046,THANOS,galaxy,2
2047,THANOS,gamora,2
2048,THANOS,giving,1
2049,THANOS,go,2
2050,THANOS,going,1
2051,THANOS,got,1
2052,THANOS,grateful,1
2053,THANOS,great,1
2054,THANOS,half,1
2055,THANOS,happened,1
2056,THANOS,hardest,1
2057,THANOS,head,1
2058,THANOS,heart,1
2059,THANOS,heavy,1
2060,THANOS,help,1
2061,THANOS,hope,1
2062,THANOS,hoped,1
2063,THANOS,humanity,1
2064,THANOS,hungry,2
2065,THANOS,i'd,1
2066,THANOS,i'm,3
2067,THANOS,i've,1
2068,THANOS,imagine,1
2069,THANOS,insect,1
2070,THANOS,jelly,1
2071,THANOS,kill,1
2072,THANOS,knew,1
2073,THANOS,know,4
2074,THANOS,knowledge,1
2075,THANOS,known,1
2076,THANOS,knows,2
2077,THANOS,last,1
2078,THANOS,left,1
2079,THANOS,legs,1
2080,THANOS,let,1
2081,THANOS,lied,1
2082,THANOS,life,2
2083,THANOS,like,3
2084,THANOS,little,3
2085,THANOS,made,1
2086,THANOS,madman,1
2087,THANOS,many,1
2088,THANOS,maw,1
2089,THANOS,mercy,1
2090,THANOS,might,1
2091,THANOS,misplaced,1
2092,THANOS,mission,1
2093,THANOS,mistake,1
2094,THANOS,mouths,1
2095,THANOS,much,1
2096,THANOS,name,1
2097,THANOS,nearly,1
2098,THANOS,need,1
2099,THANOS,needs,2
2100,THANOS,nothing,1
2101,THANOS,now…,1
2102,THANOS,offered,1
2103,THANOS,often,1
2104,THANOS,oh,1
2105,THANOS,one,8
2106,THANOS,optimism,1
2107,THANOS,paradise,1
2108,THANOS,parts,1
2109,THANOS,pass,1
2110,THANOS,pathetic,1
2111,THANOS,pay,1
2112,THANOS,place,1
2113,THANOS,planet,1
2114,THANOS,planets,1
2115,THANOS,poor,1
2116,THANOS,precious,1
2117,THANOS,predicted,1
2118,THANOS,preference,1
2119,THANOS,prepared,1
2120,THANOS,price,1
2121,THANOS,quite,1
2122,THANOS,random,1
2123,THANOS,reality,3
2124,THANOS,remember,1
2125,THANOS,require,1
2126,THANOS,resources,1
2127,THANOS,respect,1
2128,THANOS,rest,1
2129,THANOS,resurrections,1
2130,THANOS,rich,1
2131,THANOS,rise,1
2132,THANOS,run,1
2133,THANOS,sadness,1
2134,THANOS,sake,1
2135,THANOS,salvation,1
2136,THANOS,saved,1
2137,THANOS,say,1
2138,THANOS,scraps,1
2139,THANOS,scrounging,1
2140,THANOS,sell,1
2141,THANOS,sense,1
2142,THANOS,ship,1
2143,THANOS,show,1
2144,THANOS,side,1
2145,THANOS,simple,1
2146,THANOS,simply,1
2147,THANOS,since,1
2148,THANOS,sister,1
2149,THANOS,sister's,1
2150,THANOS,sit,1
2151,THANOS,six,1
2152,THANOS,skies,1
2153,THANOS,slightest,1
2154,THANOS,small,1
2155,THANOS,snap,1
2156,THANOS,snuck,1
2157,THANOS,solution,1
2158,THANOS,something,2
2159,THANOS,soul,2
2160,THANOS,spare,1
2161,THANOS,stark,2
2162,THANOS,still,3
2163,THANOS,stone,5
2164,THANOS,stones,2
2165,THANOS,stopped,1
2166,THANOS,strongest,1
2167,THANOS,succeeded,1
2168,THANOS,suffering,1
2169,THANOS,sun,1
2170,THANOS,sure,1
2171,THANOS,surrender,1
2172,THANOS,survivor,1
2173,THANOS,take,1
2174,THANOS,talk,1
2175,THANOS,tell,1
2176,THANOS,tesseract,1
2177,THANOS,that's,1
2178,THANOS,there's,1
2179,THANOS,think,1
2180,THANOS,thought,2
2181,THANOS,time,3
2182,THANOS,titan,2
2183,THANOS,tivan,1
2184,THANOS,told,2
2185,THANOS,toll,1
2186,THANOS,took,1
2187,THANOS,tricks,2
2188,THANOS,trinket,1
2189,THANOS,trusted,1
2190,THANOS,try,1
2191,THANOS,turns,1
2192,THANOS,twenty,1
2193,THANOS,two,1
2194,THANOS,unchecked,1
2195,THANOS,understand,2
2196,THANOS,universe,2
2197,THANOS,us,1
2198,THANOS,want,1
2199,THANOS,waste,1
2200,THANOS,watch,1
2201,THANOS,well,3
2202,THANOS,what's,4
2203,THANOS,whatever,1
2204,THANOS,where's,2
2205,THANOS,wills,1
2206,THANOS,wizard,1
2207,THANOS,woman,1
2208,THANOS,words,1
2209,THANOS,would,3
2210,THANOS,would've,1
2211,THANOS,wrong,1
2212,THANOS,years,1
2213,THANOS,yes,1
2214,THOR,(he,1
2215,THOR,1,1
2216,THOR,500,1
2217,THOR,absolutely,1
2218,THOR,alive,2
2219,THOR,allfathers,1
2220,THOR,already,2
2221,THOR,among,1
2222,THOR,anger,1
2223,THOR,anymore,1
2224,THOR,asgard,3
2225,THOR,assume,1
2226,THOR,attempts,1
2227,THOR,avengers,1
2228,THOR,awesome,1
2229,THOR,ax,2
2230,THOR,back,1
2231,THOR,bastards,1
2232,THOR,beard,1
2233,THOR,bid,1
2234,THOR,birth,2
2235,THOR,bit,1
2236,THOR,blazing,1
2237,THOR,bodies,1
2238,THOR,bring,1
2239,THOR,brother,2
2240,THOR,bye,1
2241,THOR,call,1
2242,THOR,can't,1
2243,THOR,captain,1
2244,THOR,centuries,1
2245,THOR,clear,1
2246,THOR,clearly,1
2247,THOR,code,1
2248,THOR,collapse,1
2249,THOR,collector,1
2250,THOR,cool,1
2251,THOR,copied,1
2252,THOR,correct,1
2253,THOR,could,1
2254,THOR,crumble,1
2255,THOR,cup,2
2256,THOR,dark,3
2257,THOR,date,1
2258,THOR,dead,2
2259,THOR,deal,1
2260,THOR,decimated,1
2261,THOR,designed,1
2262,THOR,destroyed,3
2263,THOR,die,3
2264,THOR,died,1
2265,THOR,dwarf,1
2266,THOR,earth,1
2267,THOR,earth's,1
2268,THOR,eitri,4
2269,THOR,elective,1
2270,THOR,elf,1
2271,THOR,enemies,1
2272,THOR,engines,1
2273,THOR,even,1
2274,THOR,ever,2
2275,THOR,every,3
2276,THOR,everything,1
2277,THOR,eye,2
2278,THOR,facing,1
2279,THOR,families,1
2280,THOR,farewell,1
2281,THOR,fate,2
2282,THOR,father,2
2283,THOR,feel,2
2284,THOR,feels,1
2285,THOR,fiddle,1
2286,THOR,fire,2
2287,THOR,first,1
2288,THOR,forge,2
2289,THOR,forget,1
2290,THOR,fought,2
2291,THOR,four-digit,1
2292,THOR,friend,1
2293,THOR,frozen,1
2294,THOR,gave,1
2295,THOR,genius,1
2296,THOR,get,1
2297,THOR,getting,2
2298,THOR,give,1
2299,THOR,glove,1
2300,THOR,go,4
2301,THOR,goes,1
2302,THOR,going,2
2303,THOR,gone,2
2304,THOR,gonna,1
2305,THOR,good,2
2306,THOR,great,1
2307,THOR,guess,1
2308,THOR,guys,1
2309,THOR,half,1
2310,THOR,half-sister,1
2311,THOR,hammer,4
2312,THOR,hands,1
2313,THOR,happened,1
2314,THOR,harnesses,1
2315,THOR,he'll,1
2316,THOR,he's,5
2317,THOR,head,1
2318,THOR,heart,1
2319,THOR,heat,1
2320,THOR,hel,1
2321,THOR,hell,1
2322,THOR,hence,1
2323,THOR,heroes,1
2324,THOR,hold,1
2325,THOR,home,1
2326,THOR,hope,1
2327,THOR,i'm,6
2328,THOR,i've,1
2329,THOR,imprisoned,1
2330,THOR,inside,1
2331,THOR,join,1
2332,THOR,kill,2
2333,THOR,killed,4
2334,THOR,killing,1
2335,THOR,kind,1
2336,THOR,king,1
2337,THOR,know,6
2338,THOR,knowhere,2
2339,THOR,knows,1
2340,THOR,lack,1
2341,THOR,last,1
2342,THOR,latest,2
2343,THOR,leader,1
2344,THOR,leave,1
2345,THOR,life,1
2346,THOR,like,2
2347,THOR,line,1
2348,THOR,little,1
2349,THOR,loki…,1
2350,THOR,long,2
2351,THOR,lose,1
2352,THOR,loss,1
2353,THOR,lost,1
2354,THOR,luck,1
2355,THOR,machinery),1
2356,THOR,made,1
2357,THOR,madness,1
2358,THOR,make,2
2359,THOR,man,1
2360,THOR,many,1
2361,THOR,may,1
2362,THOR,maybe,1
2363,THOR,maybe…,1
2364,THOR,might,1
2365,THOR,mightiest,1
2366,THOR,mind,2
2367,THOR,minds,1
2368,THOR,mine,1
2369,THOR,mocking,1
2370,THOR,morons,1
2371,THOR,motivators,1
2372,THOR,much,1
2373,THOR,name,1
2374,THOR,need,2
2375,THOR,neutron,1
2376,THOR,never,2
2377,THOR,new,1
2378,THOR,nidavellir,1
2379,THOR,nivadellir,2
2380,THOR,nivadellir's,1
2381,THOR,noble,1
2382,THOR,none,1
2383,THOR,notice,1
2384,THOR,no…,1
2385,THOR,old,1
2386,THOR,one,2
2387,THOR,one's,1
2388,THOR,open,2
2389,THOR,pain,1
2390,THOR,people,1
2391,THOR,place,1
2392,THOR,pod,3
2393,THOR,pour,1
2394,THOR,power,3
2395,THOR,quest,1
2396,THOR,quiet,1
2397,THOR,rabbit,4
2398,THOR,rage,1
2399,THOR,rather,1
2400,THOR,reality,2
2401,THOR,really,3
2402,THOR,regret,1
2403,THOR,returned,1
2404,THOR,rings,1
2405,THOR,round,2
2406,THOR,safe,1
2407,THOR,safely,1
2408,THOR,seem,2
2409,THOR,seems,1
2410,THOR,seen,1
2411,THOR,ship,1
2412,THOR,simply,1
2413,THOR,sir,1
2414,THOR,six,1
2415,THOR,slaughtered,1
2416,THOR,smartest,1
2417,THOR,something's,1
2418,THOR,something…,1
2419,THOR,sort,1
2420,THOR,soul,1
2421,THOR,space,2
2422,THOR,spoon…,1
2423,THOR,stabbed,2
2424,THOR,star,1
2425,THOR,star's,1
2426,THOR,stole,2
2427,THOR,stone,5
2428,THOR,stones,2
2429,THOR,stop,3
2430,THOR,stored,1
2431,THOR,strength,2
2432,THOR,succeeded,1
2433,THOR,sweet,1
2434,THOR,sword,1
2435,THOR,take,1
2436,THOR,taking,1
2437,THOR,talk,1
2438,THOR,taught,1
2439,THOR,team,1
2440,THOR,tesseract,1
2441,THOR,thank,1
2442,THOR,thanos,8
2443,THOR,that's,1
2444,THOR,there's,1
2445,THOR,therefore,2
2446,THOR,they're,2
2447,THOR,thing,2
2448,THOR,think,2
2449,THOR,time,2
2450,THOR,together,1
2451,THOR,told,2
2452,THOR,tough,1
2453,THOR,tree,2
2454,THOR,tremendous,1
2455,THOR,true,1
2456,THOR,truly,1
2457,THOR,trust,1
2458,THOR,twice,2
2459,THOR,vengeance,2
2460,THOR,wait,1
2461,THOR,wants,1
2462,THOR,way,1
2463,THOR,we're,1
2464,THOR,weapon,2
2465,THOR,week,1
2466,THOR,welcome,1
2467,THOR,well,3
2468,THOR,what'd,2
2469,THOR,what's,2
2470,THOR,wield,1
2471,THOR,wills,1
2472,THOR,without,1
2473,THOR,wonderful,1
2474,THOR,words,1
2475,THOR,works,1
2476,THOR,worst,1
2477,THOR,would,2
2478,THOR,wrong,3
2479,THOR,xandar,1
2480,THOR,yeah,1
2481,THOR,years,2
2482,THOR,yes,2
2483,TONY STARK,"""hitherto",1
2484,TONY STARK,"""we""",1
2485,TONY STARK,',3
2486,TONY STARK,''m,1
2487,TONY STARK,'cause,3
2488,TONY STARK,'oh,2
2489,TONY STARK,30,1
2490,TONY STARK,43rd,1
2491,TONY STARK,a-,1
2492,TONY STARK,admit,1
2493,TONY STARK,adults,1
2494,TONY STARK,advantage,1
2495,TONY STARK,ago,1
2496,TONY STARK,ahead,1
2497,TONY STARK,air,1
2498,TONY STARK,allow,1
2499,TONY STARK,almost,1
2500,TONY STARK,alright,4
2501,TONY STARK,also,1
2502,TONY STARK,animals,1
2503,TONY STARK,another,2
2504,TONY STARK,anyone,1
2505,TONY STARK,apropos,1
2506,TONY STARK,army,1
2507,TONY STARK,around,1
2508,TONY STARK,ass,1
2509,TONY STARK,attachment,1
2510,TONY STARK,attitude,1
2511,TONY STARK,autopilot,1
2512,TONY STARK,avengers,1
2513,TONY STARK,away,1
2514,TONY STARK,back,4
2515,TONY STARK,backup,1
2516,TONY STARK,bad,1
2517,TONY STARK,balloon,1
2518,TONY STARK,banner,1
2519,TONY STARK,bathroom,1
2520,TONY STARK,beginnings,1
2521,TONY STARK,ben,1
2522,TONY STARK,bench,1
2523,TONY STARK,besides,1
2524,TONY STARK,best,1
2525,TONY STARK,better,3
2526,TONY STARK,big,1
2527,TONY STARK,billions,1
2528,TONY STARK,blast,1
2529,TONY STARK,blowing,1
2530,TONY STARK,breaking,1
2531,TONY STARK,broke,1
2532,TONY STARK,brought,1
2533,TONY STARK,bruce,1
2534,TONY STARK,buddy,1
2535,TONY STARK,bye,1
2536,TONY STARK,cake,1
2537,TONY STARK,came,1
2538,TONY STARK,can't,1
2539,TONY STARK,cap,1
2540,TONY STARK,case,1
2541,TONY STARK,catch,1
2542,TONY STARK,caught,1
2543,TONY STARK,chance,1
2544,TONY STARK,change,1
2545,TONY STARK,circle,1
2546,TONY STARK,clean,1
2547,TONY STARK,close,2
2548,TONY STARK,closed,1
2549,TONY STARK,closet,1
2550,TONY STARK,coalesce,1
2551,TONY STARK,come,2
2552,TONY STARK,coming,1
2553,TONY STARK,compass,1
2554,TONY STARK,concur,1
2555,TONY STARK,coney,1
2556,TONY STARK,conversely,1
2557,TONY STARK,cool,1
2558,TONY STARK,could,2
2559,TONY STARK,course,1
2560,TONY STARK,courtesy,1
2561,TONY STARK,culture,1
2562,TONY STARK,curse,1
2563,TONY STARK,dairy,1
2564,TONY STARK,dance,1
2565,TONY STARK,dance-off,1
2566,TONY STARK,definitely,1
2567,TONY STARK,dinner,1
2568,TONY STARK,dip-shit,1
2569,TONY STARK,disposal,1
2570,TONY STARK,doc,3
2571,TONY STARK,doctor,1
2572,TONY STARK,doughnut,1
2573,TONY STARK,draw,1
2574,TONY STARK,dream,3
2575,TONY STARK,dreamt,1
2576,TONY STARK,ducked,1
2577,TONY STARK,dude,1
2578,TONY STARK,due,1
2579,TONY STARK,earth,4
2580,TONY STARK,easy,1
2581,TONY STARK,eccentric,1
2582,TONY STARK,embarrassing,1
2583,TONY STARK,encourage,1
2584,TONY STARK,engage,1
2585,TONY STARK,evac,1
2586,TONY STARK,ever,1
2587,TONY STARK,evolving,1
2588,TONY STARK,exactly,2
2589,TONY STARK,expecting,2
2590,TONY STARK,eye,1
2591,TONY STARK,f,3
2592,TONY STARK,fact,1
2593,TONY STARK,fell,1
2594,TONY STARK,field,1
2595,TONY STARK,fight,2
2596,TONY STARK,finish,1
2597,TONY STARK,first,1
2598,TONY STARK,flash,1
2599,TONY STARK,flavor,1
2600,TONY STARK,flying,1
2601,TONY STARK,folks,1
2602,TONY STARK,friend,1
2603,TONY STARK,front,1
2604,TONY STARK,function,1
2605,TONY STARK,future,1
2606,TONY STARK,gamora,1
2607,TONY STARK,garbage,1
2608,TONY STARK,gauntlet,1
2609,TONY STARK,get,9
2610,TONY STARK,getting,1
2611,TONY STARK,gimbal,1
2612,TONY STARK,giving,1
2613,TONY STARK,glad,1
2614,TONY STARK,go,7
2615,TONY STARK,god,2
2616,TONY STARK,going,1
2617,TONY STARK,gonna,5
2618,TONY STARK,good,4
2619,TONY STARK,gordon,1
2620,TONY STARK,got,2
2621,TONY STARK,gotta,8
2622,TONY STARK,great,1
2623,TONY STARK,guy,4
2624,TONY STARK,hair,1
2625,TONY STARK,hammer,1
2626,TONY STARK,hand,1
2627,TONY STARK,hang,1
2628,TONY STARK,happen,1
2629,TONY STARK,happy,1
2630,TONY STARK,hard,1
2631,TONY STARK,harry,1
2632,TONY STARK,hassling,1
2633,TONY STARK,he's,9
2634,TONY STARK,head,1
2635,TONY STARK,hear,5
2636,TONY STARK,heard,1
2637,TONY STARK,help,3
2638,TONY STARK,helping,1
2639,TONY STARK,hey,5
2640,TONY STARK,high,1
2641,TONY STARK,hold,1
2642,TONY STARK,home,1
2643,TONY STARK,honey,1
2644,TONY STARK,housing,1
2645,TONY STARK,huh,1
2646,TONY STARK,i'll,2
2647,TONY STARK,i'm,17
2648,TONY STARK,inside,1
2649,TONY STARK,instead,1
2650,TONY STARK,island,1
2651,TONY STARK,jerry's,1
2652,TONY STARK,job,1
2653,TONY STARK,keep,1
2654,TONY STARK,kid,5
2655,TONY STARK,kid's,1
2656,TONY STARK,kidding,1
2657,TONY STARK,know,9
2658,TONY STARK,last,1
2659,TONY STARK,least,2
2660,TONY STARK,let,2
2661,TONY STARK,let's,4
2662,TONY STARK,life,1
2663,TONY STARK,like,3
2664,TONY STARK,listening,1
2665,TONY STARK,little,1
2666,TONY STARK,longer,1
2667,TONY STARK,look,1
2668,TONY STARK,looking,1
2669,TONY STARK,lord,1
2670,TONY STARK,lose,2
2671,TONY STARK,lost,1
2672,TONY STARK,loyal,1
2673,TONY STARK,magical,1
2674,TONY STARK,make,2
2675,TONY STARK,making,1
2676,TONY STARK,many,1
2677,TONY STARK,math,1
2678,TONY STARK,may,1
2679,TONY STARK,maybe,1
2680,TONY STARK,means,1
2681,TONY STARK,meant,1
2682,TONY STARK,middle,1
2683,TONY STARK,might,1
2684,TONY STARK,miles,1
2685,TONY STARK,mind,1
2686,TONY STARK,monster,1
2687,TONY STARK,moon,1
2688,TONY STARK,moral,1
2689,TONY STARK,morgan,2
2690,TONY STARK,move,1
2691,TONY STARK,movies,1
2692,TONY STARK,moving,1
2693,TONY STARK,mr,2
2694,TONY STARK,much,1
2695,TONY STARK,name,2
2696,TONY STARK,named,2
2697,TONY STARK,nano,1
2698,TONY STARK,nano-tech,1
2699,TONY STARK,necklace,1
2700,TONY STARK,need,1
2701,TONY STARK,needs,1
2702,TONY STARK,new,1
2703,TONY STARK,nice,2
2704,TONY STARK,night,1
2705,TONY STARK,nothing,1
2706,TONY STARK,notify,1
2707,TONY STARK,"of""",1
2708,TONY STARK,offline,1
2709,TONY STARK,okay,6
2710,TONY STARK,one,6
2711,TONY STARK,one-way,1
2712,TONY STARK,outerwear,1
2713,TONY STARK,outta,2
2714,TONY STARK,owe,1
2715,TONY STARK,pack,1
2716,TONY STARK,page,1
2717,TONY STARK,pants,1
2718,TONY STARK,parker,1
2719,TONY STARK,particles,1
2720,TONY STARK,pee,1
2721,TONY STARK,pep…,1
2722,TONY STARK,pete,1
2723,TONY STARK,piece,3
2724,TONY STARK,pin,1
2725,TONY STARK,plan,5
2726,TONY STARK,please,1
2727,TONY STARK,plucky,1
2728,TONY STARK,pocket,1
2729,TONY STARK,point,1
2730,TONY STARK,pop,1
2731,TONY STARK,possibly,2
2732,TONY STARK,pretend,1
2733,TONY STARK,pretty,1
2734,TONY STARK,probably,2
2735,TONY STARK,professional,1
2736,TONY STARK,promise,1
2737,TONY STARK,protect,1
2738,TONY STARK,put,1
2739,TONY STARK,quill,3
2740,TONY STARK,r,3
2741,TONY STARK,real,2
2742,TONY STARK,really,4
2743,TONY STARK,refused,1
2744,TONY STARK,res,1
2745,TONY STARK,responders,1
2746,TONY STARK,rest,1
2747,TONY STARK,rig,1
2748,TONY STARK,right,8
2749,TONY STARK,rogers,1
2750,TONY STARK,run,1
2751,TONY STARK,running,1
2752,TONY STARK,said,1
2753,TONY STARK,saved,1
2754,TONY STARK,saving,1
2755,TONY STARK,saw,1
2756,TONY STARK,say,5
2757,TONY STARK,see,1
2758,TONY STARK,seen,1
2759,TONY STARK,self-correcting,1
2760,TONY STARK,self-park,1
2761,TONY STARK,send,1
2762,TONY STARK,sent,1
2763,TONY STARK,sentences,1
2764,TONY STARK,seriously,2
2765,TONY STARK,ship,1
2766,TONY STARK,shoot,1
2767,TONY STARK,show,1
2768,TONY STARK,simple,1
2769,TONY STARK,since,1
2770,TONY STARK,single,1
2771,TONY STARK,six,2
2772,TONY STARK,slow,2
2773,TONY STARK,someone's,1
2774,TONY STARK,someth--,1
2775,TONY STARK,something,1
2776,TONY STARK,sorry,4
2777,TONY STARK,south,1
2778,TONY STARK,space,1
2779,TONY STARK,speaking,1
2780,TONY STARK,spell,1
2781,TONY STARK,squidward,1
2782,TONY STARK,stand,1
2783,TONY STARK,steady,1
2784,TONY STARK,steal,1
2785,TONY STARK,steering,1
2786,TONY STARK,steve,1
2787,TONY STARK,stick,1
2788,TONY STARK,still,1
2789,TONY STARK,stone,2
2790,TONY STARK,stop,5
2791,TONY STARK,stowaway,1
2792,TONY STARK,straight,1
2793,TONY STARK,strange,1
2794,TONY STARK,street,1
2795,TONY STARK,sure,2
2796,TONY STARK,surgery,1
2797,TONY STARK,surprises,2
2798,TONY STARK,swore,1
2799,TONY STARK,take,1
2800,TONY STARK,talking,1
2801,TONY STARK,tell,2
2802,TONY STARK,terms,1
2803,TONY STARK,thank,2
2804,TONY STARK,thanos,2
2805,TONY STARK,that's,7
2806,TONY STARK,the--,1
2807,TONY STARK,there's,3
2808,TONY STARK,thing,3
2809,TONY STARK,thing's,1
2810,TONY STARK,things,1
2811,TONY STARK,think,1
2812,TONY STARK,thinking,1
2813,TONY STARK,thor,1
2814,TONY STARK,thought,3
2815,TONY STARK,throw,1
2816,TONY STARK,ticket,1
2817,TONY STARK,tickets,1
2818,TONY STARK,time,3
2819,TONY STARK,timeline,1
2820,TONY STARK,toast,1
2821,TONY STARK,today,1
2822,TONY STARK,told,1
2823,TONY STARK,tonight,1
2824,TONY STARK,totally,1
2825,TONY STARK,trails,1
2826,TONY STARK,transponder,1
2827,TONY STARK,tried,1
2828,TONY STARK,trip,2
2829,TONY STARK,trouble,1
2830,TONY STARK,trying,2
2831,TONY STARK,turf,2
2832,TONY STARK,turned,1
2833,TONY STARK,two,1
2834,TONY STARK,uh,1
2835,TONY STARK,uncle,1
2836,TONY STARK,understand,4
2837,TONY STARK,undreamt,1
2838,TONY STARK,unit,1
2839,TONY STARK,us,4
2840,TONY STARK,use,1
2841,TONY STARK,usses,1
2842,TONY STARK,vision,1
2843,TONY STARK,wanna,4
2844,TONY STARK,want,4
2845,TONY STARK,wants,1
2846,TONY STARK,watching,1
2847,TONY STARK,we'll,1
2848,TONY STARK,we're,6
2849,TONY STARK,we've,1
2850,TONY STARK,weeks,1
2851,TONY STARK,well,1
2852,TONY STARK,what's,2
2853,TONY STARK,where'd,1
2854,TONY STARK,where's,1
2855,TONY STARK,who's,2
2856,TONY STARK,win,1
2857,TONY STARK,win-stone,1
2858,TONY STARK,wizard,2
2859,TONY STARK,wizards,1
2860,TONY STARK,wong,1
2861,TONY STARK,would,2
2862,TONY STARK,wow,1
2863,TONY STARK,yawning,1
2864,TONY STARK,yeah,11
2865,TONY STARK,years,1
2866,TONY STARK,yes,2
2867,TONY STARK,york,1
2868,TONY STARK AND DRAX,quill,1
2869,VISION,--,1
2870,VISION,70,1
2871,VISION,ago,1
2872,VISION,also,1
2873,VISION,back,1
2874,VISION,bed,1
2875,VISION,beginning,1
2876,VISION,blade,1
2877,VISION,can't,2
2878,VISION,cannot,1
2879,VISION,captain,3
2880,VISION,certain,1
2881,VISION,composition,1
2882,VISION,could,2
2883,VISION,deal,1
2884,VISION,defeating,1
2885,VISION,destroy,3
2886,VISION,dies,1
2887,VISION,different,1
2888,VISION,eliminating,1
2889,VISION,energy,1
2890,VISION,entity,1
2891,VISION,exposed,1
2892,VISION,fail,1
2893,VISION,feel,2
2894,VISION,get,1
2895,VISION,gets,1
2896,VISION,give,1
2897,VISION,giving,1
2898,VISION,go,2
2899,VISION,gonna,1
2900,VISION,good,1
2901,VISION,half,2
2902,VISION,he's,1
2903,VISION,head,1
2904,VISION,hurt,1
2905,VISION,i'd,1
2906,VISION,i'm,3
2907,VISION,i've,1
2908,VISION,integrity,1
2909,VISION,i…,1
2910,VISION,know,2
2911,VISION,laid,1
2912,VISION,late,1
2913,VISION,leave,1
2914,VISION,life,2
2915,VISION,lives,1
2916,VISION,look,1
2917,VISION,love,1
2918,VISION,many,1
2919,VISION,millions,1
2920,VISION,miss,1
2921,VISION,missed,1
2922,VISION,molecular,1
2923,VISION,must,1
2924,VISION,nature,1
2925,VISION,need,1
2926,VISION,never,1
2927,VISION,one,1
2928,VISION,overstepping…,1
2929,VISION,people,1
2930,VISION,perhaps…,1
2931,VISION,phasing,1
2932,VISION,please,4
2933,VISION,power,1
2934,VISION,powerful,1
2935,VISION,rather,1
2936,VISION,right,3
2937,VISION,save,1
2938,VISION,signature,1
2939,VISION,similar,1
2940,VISION,something,2
2941,VISION,source,1
2942,VISION,speak,1
2943,VISION,speaking,1
2944,VISION,stand,1
2945,VISION,stay,2
2946,VISION,stayed,1
2947,VISION,stone,5
2948,VISION,stop,1
2949,VISION,stopped,1
2950,VISION,sufficiently,1
2951,VISION,supposed,1
2952,VISION,tell,2
2953,VISION,thank,1
2954,VISION,thanos,2
2955,VISION,think,3
2956,VISION,thought,1
2957,VISION,threatens,1
2958,VISION,time,3
2959,VISION,trade,1
2960,VISION,train,1
2961,VISION,trains,1
2962,VISION,universe,2
2963,VISION,wanda,4
2964,VISION,warning,1
2965,VISION,way,2
2966,VISION,works,1
2967,VISION,years,1
2968,VISION,yes,1
2969,WANDA MAXIMOFF,11,1
2970,WANDA MAXIMOFF,asked,1
2971,WANDA MAXIMOFF,best,1
2972,WANDA MAXIMOFF,can't,1
2973,WANDA MAXIMOFF,clearly,1
2974,WANDA MAXIMOFF,come,4
2975,WANDA MAXIMOFF,conversation,1
2976,WANDA MAXIMOFF,could,1
2977,WANDA MAXIMOFF,even,1
2978,WANDA MAXIMOFF,expecting,1
2979,WANDA MAXIMOFF,fair,1
2980,WANDA MAXIMOFF,feel,1
2981,WANDA MAXIMOFF,find,1
2982,WANDA MAXIMOFF,gave,1
2983,WANDA MAXIMOFF,get,3
2984,WANDA MAXIMOFF,go,1
2985,WANDA MAXIMOFF,going,1
2986,WANDA MAXIMOFF,gotta,2
2987,WANDA MAXIMOFF,hands,1
2988,WANDA MAXIMOFF,hey,2
2989,WANDA MAXIMOFF,high,1
2990,WANDA MAXIMOFF,i'm,2
2991,WANDA MAXIMOFF,idea,1
2992,WANDA MAXIMOFF,know,1
2993,WANDA MAXIMOFF,made,1
2994,WANDA MAXIMOFF,maybe,1
2995,WANDA MAXIMOFF,never,1
2996,WANDA MAXIMOFF,people,1
2997,WANDA MAXIMOFF,possible,1
2998,WANDA MAXIMOFF,price,1
2999,WANDA MAXIMOFF,promises,1
3000,WANDA MAXIMOFF,say,1
3001,WANDA MAXIMOFF,saying,1
3002,WANDA MAXIMOFF,sorry,1
3003,WANDA MAXIMOFF,stark,1
3004,WANDA MAXIMOFF,stay,1
3005,WANDA MAXIMOFF,staying,1
3006,WANDA MAXIMOFF,stone,2
3007,WANDA MAXIMOFF,that's,2
3008,WANDA MAXIMOFF,time,1
3009,WANDA MAXIMOFF,true…,1
3010,WANDA MAXIMOFF,us,1
3011,WANDA MAXIMOFF,vis,2
3012,WANDA MAXIMOFF,vision,4
3013,WANDA MAXIMOFF,wanted,1
3014,WANDA MAXIMOFF,way,1
3015,WANDA MAXIMOFF,we're,1
3016,WANDA MAXIMOFF,word,1
3017,WANDA MAXIMOFF,works,1
3018,WONG,200,1
3019,WONG,across,1
3020,WONG,aspect,1
3021,WONG,attachment,1
3022,WONG,bang,1
3023,WONG,big,1
3024,WONG,boom,1
3025,WONG,buck,1
3026,WONG,burning,1
3027,WONG,control,1
3028,WONG,crystals,1
3029,WONG,dawn,1
3030,WONG,detachment,1
3031,WONG,elemental,1
3032,WONG,essential,1
3033,WONG,existence,1
3034,WONG,favorite,1
3035,WONG,fudge,1
3036,WONG,half,1
3037,WONG,hunka-hulka,1
3038,WONG,hurtling,1
3039,WONG,infinity,1
3040,WONG,lives,1
3041,WONG,material,1
3042,WONG,melt,1
3043,WONG,nothing,1
3044,WONG,oath,1
3045,WONG,oh,1
3046,WONG,protect,1
3047,WONG,remains,1
3048,WONG,rupees,1
3049,WONG,sanctum,1
3050,WONG,say,1
3051,WONG,sent,1
3052,WONG,six,1
3053,WONG,spiritual,1
3054,WONG,stone,1
3055,WONG,stone's,1
3056,WONG,stones,1
3057,WONG,swore,1
3058,WONG,taken,1
3059,WONG,think,1
3060,WONG,time,2
3061,WONG,tuna,1
3062,WONG,uh,1
3063,WONG,unguarded,1
3064,WONG,universe,2
3065,WONG,virgin,1
3066,WONG,wait,3
3067,YOUNG GAMORA,gamora,1
3068,YOUNG GAMORA,mother,5
3069,YOUNG GAMORA,where's,1
3070, WANDA MAXIMOFF,10,1
3071, WANDA MAXIMOFF,back,1
3072, WANDA MAXIMOFF,give,1
3073, WANDA MAXIMOFF,glasgow,1
3074, WANDA MAXIMOFF,there's,1
3075, WANDA MAXIMOFF,time,1
3076, WANDA MAXIMOFF,together,1
3077, WANDA MAXIMOFF,us,1
3078, WANDA MAXIMOFF,went,1
